
Efinix Static Timing Analysis Report
Version: 2026.1.132
Date: Thu Oct  1 23:38:43 2026

Copyright (C) 2013 - 2026 Efinix, Inc. All rights reserved.

Top-level Entity Name: phase_camera_display_640x480_sobel

SDC Filename: phase_camera_display_640x480_sobel.sdc

Timing Model: C4
	process : typical
	temperature : 0C to 85C
	voltage : 0.95 +/-30mV
	speedgrade : 4
	technology : t16ff
	status : final

---------- Table of Contents (begin) ----------
   1. Clock Frequency Summary
   2. Clock Relationship Summary
   3. Path Details for Max Critical Paths
   4. Path Details for Min Critical Paths
---------- Table of Contents (end) ------------

---------- 1. Clock Frequency Summary (begin) ----------

User target constrained clocks
       Clock Name        Period (ns)  Frequency (MHz)    Waveform           Targets
clk_sys                     10.417         95.997     {0.000 5.208}  {clk_sys}             
clk_xclk_24m                41.667         24.000     {0.000 20.833} {clk_27m}             
clk_display_feedback_24m    41.667         24.000     {0.000 20.833} {display_feedback_24m}
clk_pixel_25p2m             39.683         25.200     {0.000 19.841} {clk_pixel}           
clk_pixel_5x_126m            7.937        125.992     {1.190 5.159}  {clk_pixel_5x}        
cmos_pclk                   10.000        100.000     {0.000 5.000}  {cmos_pclk}           

Maximum possible analyzed clocks frequency
       Clock Name        Period (ns)  Frequency (MHz)     Edge
clk_sys                     4.622         216.357        (R-R)
clk_display_feedback_24m    0.400        2500.000*       (R-R)
clk_pixel_25p2m             8.629         115.888        (R-R)
clk_pixel_5x_126m           0.400        2500.000*       (R-R)
cmos_pclk                   5.390         185.529        (F-R)

* CAUTION: Frequency is limited to 1000.000 MHz by global clock network

Geomean max period: 2.029

---------- Clock Frequency Summary (end) ---------------

---------- 2. Clock Relationship Summary (begin) ----------

Setup (Max) Clock Relationship
      Launch Clock            Capture Clock       Constraint (ns)     Slack (ns)          Edge
clk_sys                  clk_sys                       10.417            5.795           (R-R)
clk_display_feedback_24m clk_display_feedback_24m      41.667           41.267           (R-R)
clk_pixel_25p2m          clk_pixel_25p2m               39.683           31.054           (R-R)
clk_pixel_5x_126m        clk_pixel_5x_126m              7.937            7.537           (R-R)
cmos_pclk                cmos_pclk                     10.000            5.262           (R-R)
cmos_pclk                cmos_pclk                      5.000            2.305           (F-R)

Hold (Min) Clock Relationship
      Launch Clock            Capture Clock       Constraint (ns)     Slack (ns)          Edge
clk_sys                  clk_sys                        0.000           0.093            (R-R)
clk_display_feedback_24m clk_display_feedback_24m       0.000           0.109            (R-R)
clk_pixel_25p2m          clk_pixel_25p2m                0.000           0.099            (R-R)
clk_pixel_5x_126m        clk_pixel_5x_126m              0.000           0.115            (R-R)
cmos_pclk                cmos_pclk                      0.000           0.080            (R-R)
cmos_pclk                cmos_pclk                     -5.000           5.293            (F-R)

NOTE: Values are in nanoseconds.

---------- Clock Relationship Summary (end) ---------------

---------- 3. Path Details for Max Critical Paths (begin) ----------

################################################################################
Path Detail Report (cmos_pclk vs cmos_pclk)
################################################################################


++++ Path 1 ++++++++++++++++++++++++++++++++++++++++++++++++++++++++++++++++++++

Path Begin    : cmos_vsync                             
Path End      : u_camera/u_dvp_capture/x_count[2]~FF|CE
Launch Clock  : cmos_pclk (FALL)                       
Capture Clock : cmos_pclk (RISE)                       
Slack         : 2.305 (required time - arrival time)   
Delay         : 3.114                                  

Logic Level             : 3
Non-global nets on path : 4
Global nets on path     : 0

Launch Clock Path Delay        : 0.000
+ Clock To Q + Data Path Delay : 3.205
+ Input Delay                  : 1.191
--------------------------------------
End-of-path arrival time       : 4.396

Constraint                     : 5.000
+ Capture Clock Path Delay     : 1.811
- Clock Uncertainty            : 0.110
--------------------------------------
End-of-path required time      : 6.701

Data Path
                 name                    model name   delay (ns)  cumulative delay (ns) pins on net    location
=================================================================================================================
cmos_vsync                                input         0.000             0.000               0       (0,321)  
cmos_vsync                                input         0.110             0.110               7       (0,321)  
cmos_vsync                                net           0.963             1.073               7       (0,321)  
   Routing elements:
      Manhattan distance of X:139, Y:51
LUT__21150|in[0]                          EFX_LUT4      0.054             1.127               7       (139,270)
LUT__21150|out                            EFX_LUT4      0.000             1.127               5       (139,270)
~u_camera/u_dvp_capture/n478              net           0.282             1.409               5       (139,270)
   Routing elements:
      Manhattan distance of X:5, Y:16
LUT__21154|in[1]                          EFX_LUT4      0.055             1.464               5       (144,254)
LUT__21154|out                            EFX_LUT4      0.000             1.464               3       (144,254)
ceg_net125                                net           0.743             2.207               3       (144,254)
   Routing elements:
      Manhattan distance of X:0, Y:158
LUT__21161|in[1]                          EFX_LUT4      0.055             2.262               3       (144,96) 
LUT__21161|out                            EFX_LUT4      0.000             2.262              11       (144,96) 
ceg_net131                                net           0.852             3.114              11       (144,96) 
   Routing elements:
      Manhattan distance of X:4, Y:7
u_camera/u_dvp_capture/x_count[2]~FF|CE   EFX_FF        0.091             3.205              11       (140,89) 

Capture Clock Path
                  name                    model name   delay (ns)  cumulative delay (ns) pins on net    location
==================================================================================================================
cmos_pclk                                   input        0.000             0.000                0      (111,323)
cmos_pclk                                   input        0.110             0.110             1721      (111,323)
cmos_pclk                                   net          1.701             1.811             1721      (111,323)
   Routing elements:
      Manhattan distance of X:29, Y:234
u_camera/u_dvp_capture/x_count[2]~FF|CLK    EFX_FF       0.000             1.811             1721      (140,89) 

++++ Path 2 ++++++++++++++++++++++++++++++++++++++++++++++++++++++++++++++++++++

Path Begin    : cmos_vsync                             
Path End      : u_camera/u_dvp_capture/x_count[6]~FF|CE
Launch Clock  : cmos_pclk (FALL)                       
Capture Clock : cmos_pclk (RISE)                       
Slack         : 2.305 (required time - arrival time)   
Delay         : 3.114                                  

Logic Level             : 3
Non-global nets on path : 4
Global nets on path     : 0

Launch Clock Path Delay        : 0.000
+ Clock To Q + Data Path Delay : 3.205
+ Input Delay                  : 1.191
--------------------------------------
End-of-path arrival time       : 4.396

Constraint                     : 5.000
+ Capture Clock Path Delay     : 1.811
- Clock Uncertainty            : 0.110
--------------------------------------
End-of-path required time      : 6.701

Data Path
                 name                    model name   delay (ns)  cumulative delay (ns) pins on net    location
=================================================================================================================
cmos_vsync                                input         0.000             0.000               0       (0,321)  
cmos_vsync                                input         0.110             0.110               7       (0,321)  
cmos_vsync                                net           0.963             1.073               7       (0,321)  
   Routing elements:
      Manhattan distance of X:139, Y:51
LUT__21150|in[0]                          EFX_LUT4      0.054             1.127               7       (139,270)
LUT__21150|out                            EFX_LUT4      0.000             1.127               5       (139,270)
~u_camera/u_dvp_capture/n478              net           0.282             1.409               5       (139,270)
   Routing elements:
      Manhattan distance of X:5, Y:16
LUT__21154|in[1]                          EFX_LUT4      0.055             1.464               5       (144,254)
LUT__21154|out                            EFX_LUT4      0.000             1.464               3       (144,254)
ceg_net125                                net           0.743             2.207               3       (144,254)
   Routing elements:
      Manhattan distance of X:0, Y:158
LUT__21161|in[1]                          EFX_LUT4      0.055             2.262               3       (144,96) 
LUT__21161|out                            EFX_LUT4      0.000             2.262              11       (144,96) 
ceg_net131                                net           0.852             3.114              11       (144,96) 
   Routing elements:
      Manhattan distance of X:4, Y:3
u_camera/u_dvp_capture/x_count[6]~FF|CE   EFX_FF        0.091             3.205              11       (140,93) 

Capture Clock Path
                  name                    model name   delay (ns)  cumulative delay (ns) pins on net    location
==================================================================================================================
cmos_pclk                                   input        0.000             0.000                0      (111,323)
cmos_pclk                                   input        0.110             0.110             1721      (111,323)
cmos_pclk                                   net          1.701             1.811             1721      (111,323)
   Routing elements:
      Manhattan distance of X:29, Y:230
u_camera/u_dvp_capture/x_count[6]~FF|CLK    EFX_FF       0.000             1.811             1721      (140,93) 

++++ Path 3 ++++++++++++++++++++++++++++++++++++++++++++++++++++++++++++++++++++

Path Begin    : cmos_vsync                             
Path End      : u_camera/u_dvp_capture/x_count[0]~FF|CE
Launch Clock  : cmos_pclk (FALL)                       
Capture Clock : cmos_pclk (RISE)                       
Slack         : 2.305 (required time - arrival time)   
Delay         : 3.114                                  

Logic Level             : 3
Non-global nets on path : 4
Global nets on path     : 0

Launch Clock Path Delay        : 0.000
+ Clock To Q + Data Path Delay : 3.205
+ Input Delay                  : 1.191
--------------------------------------
End-of-path arrival time       : 4.396

Constraint                     : 5.000
+ Capture Clock Path Delay     : 1.811
- Clock Uncertainty            : 0.110
--------------------------------------
End-of-path required time      : 6.701

Data Path
                 name                    model name   delay (ns)  cumulative delay (ns) pins on net    location
=================================================================================================================
cmos_vsync                                input         0.000             0.000               0       (0,321)  
cmos_vsync                                input         0.110             0.110               7       (0,321)  
cmos_vsync                                net           0.963             1.073               7       (0,321)  
   Routing elements:
      Manhattan distance of X:139, Y:51
LUT__21150|in[0]                          EFX_LUT4      0.054             1.127               7       (139,270)
LUT__21150|out                            EFX_LUT4      0.000             1.127               5       (139,270)
~u_camera/u_dvp_capture/n478              net           0.282             1.409               5       (139,270)
   Routing elements:
      Manhattan distance of X:5, Y:16
LUT__21154|in[1]                          EFX_LUT4      0.055             1.464               5       (144,254)
LUT__21154|out                            EFX_LUT4      0.000             1.464               3       (144,254)
ceg_net125                                net           0.743             2.207               3       (144,254)
   Routing elements:
      Manhattan distance of X:0, Y:158
LUT__21161|in[1]                          EFX_LUT4      0.055             2.262               3       (144,96) 
LUT__21161|out                            EFX_LUT4      0.000             2.262              11       (144,96) 
ceg_net131                                net           0.852             3.114              11       (144,96) 
   Routing elements:
      Manhattan distance of X:4, Y:8
u_camera/u_dvp_capture/x_count[0]~FF|CE   EFX_FF        0.091             3.205              11       (140,88) 

Capture Clock Path
                  name                    model name   delay (ns)  cumulative delay (ns) pins on net    location
==================================================================================================================
cmos_pclk                                   input        0.000             0.000                0      (111,323)
cmos_pclk                                   input        0.110             0.110             1721      (111,323)
cmos_pclk                                   net          1.701             1.811             1721      (111,323)
   Routing elements:
      Manhattan distance of X:29, Y:235
u_camera/u_dvp_capture/x_count[0]~FF|CLK    EFX_FF       0.000             1.811             1721      (140,88) 

++++ Path 4 ++++++++++++++++++++++++++++++++++++++++++++++++++++++++++++++++++++

Path Begin    : cmos_vsync                             
Path End      : u_camera/u_dvp_capture/x_count[4]~FF|CE
Launch Clock  : cmos_pclk (FALL)                       
Capture Clock : cmos_pclk (RISE)                       
Slack         : 2.305 (required time - arrival time)   
Delay         : 3.114                                  

Logic Level             : 3
Non-global nets on path : 4
Global nets on path     : 0

Launch Clock Path Delay        : 0.000
+ Clock To Q + Data Path Delay : 3.205
+ Input Delay                  : 1.191
--------------------------------------
End-of-path arrival time       : 4.396

Constraint                     : 5.000
+ Capture Clock Path Delay     : 1.811
- Clock Uncertainty            : 0.110
--------------------------------------
End-of-path required time      : 6.701

Data Path
                 name                    model name   delay (ns)  cumulative delay (ns) pins on net    location
=================================================================================================================
cmos_vsync                                input         0.000             0.000               0       (0,321)  
cmos_vsync                                input         0.110             0.110               7       (0,321)  
cmos_vsync                                net           0.963             1.073               7       (0,321)  
   Routing elements:
      Manhattan distance of X:139, Y:51
LUT__21150|in[0]                          EFX_LUT4      0.054             1.127               7       (139,270)
LUT__21150|out                            EFX_LUT4      0.000             1.127               5       (139,270)
~u_camera/u_dvp_capture/n478              net           0.282             1.409               5       (139,270)
   Routing elements:
      Manhattan distance of X:5, Y:16
LUT__21154|in[1]                          EFX_LUT4      0.055             1.464               5       (144,254)
LUT__21154|out                            EFX_LUT4      0.000             1.464               3       (144,254)
ceg_net125                                net           0.743             2.207               3       (144,254)
   Routing elements:
      Manhattan distance of X:0, Y:158
LUT__21161|in[1]                          EFX_LUT4      0.055             2.262               3       (144,96) 
LUT__21161|out                            EFX_LUT4      0.000             2.262              11       (144,96) 
ceg_net131                                net           0.852             3.114              11       (144,96) 
   Routing elements:
      Manhattan distance of X:4, Y:5
u_camera/u_dvp_capture/x_count[4]~FF|CE   EFX_FF        0.091             3.205              11       (140,91) 

Capture Clock Path
                  name                    model name   delay (ns)  cumulative delay (ns) pins on net    location
==================================================================================================================
cmos_pclk                                   input        0.000             0.000                0      (111,323)
cmos_pclk                                   input        0.110             0.110             1721      (111,323)
cmos_pclk                                   net          1.701             1.811             1721      (111,323)
   Routing elements:
      Manhattan distance of X:29, Y:232
u_camera/u_dvp_capture/x_count[4]~FF|CLK    EFX_FF       0.000             1.811             1721      (140,91) 

++++ Path 5 ++++++++++++++++++++++++++++++++++++++++++++++++++++++++++++++++++++

Path Begin    : cmos_href                              
Path End      : u_camera/u_dvp_capture/x_count[2]~FF|CE
Launch Clock  : cmos_pclk (FALL)                       
Capture Clock : cmos_pclk (RISE)                       
Slack         : 2.443 (required time - arrival time)   
Delay         : 2.976                                  

Logic Level             : 3
Non-global nets on path : 4
Global nets on path     : 0

Launch Clock Path Delay        : 0.000
+ Clock To Q + Data Path Delay : 3.067
+ Input Delay                  : 1.191
--------------------------------------
End-of-path arrival time       : 4.258

Constraint                     : 5.000
+ Capture Clock Path Delay     : 1.811
- Clock Uncertainty            : 0.110
--------------------------------------
End-of-path required time      : 6.701

Data Path
                 name                    model name   delay (ns)  cumulative delay (ns) pins on net    location
=================================================================================================================
cmos_href                                 input         0.000             0.000               0       (219,321)
cmos_href                                 input         0.110             0.110               6       (219,321)
cmos_href                                 net           0.803             0.913               6       (219,321)
   Routing elements:
      Manhattan distance of X:75, Y:50
LUT__21148|in[0]                          EFX_LUT4      0.055             0.968               6       (144,271)
LUT__21148|out                            EFX_LUT4      0.000             0.968              50       (144,271)
~u_camera/u_dvp_capture/n495              net           0.303             1.271              50       (144,271)
   Routing elements:
      Manhattan distance of X:0, Y:17
LUT__21154|in[0]                          EFX_LUT4      0.055             1.326              50       (144,254)
LUT__21154|out                            EFX_LUT4      0.000             1.326               3       (144,254)
ceg_net125                                net           0.743             2.069               3       (144,254)
   Routing elements:
      Manhattan distance of X:0, Y:158
LUT__21161|in[1]                          EFX_LUT4      0.055             2.124               3       (144,96) 
LUT__21161|out                            EFX_LUT4      0.000             2.124              11       (144,96) 
ceg_net131                                net           0.852             2.976              11       (144,96) 
   Routing elements:
      Manhattan distance of X:4, Y:7
u_camera/u_dvp_capture/x_count[2]~FF|CE   EFX_FF        0.091             3.067              11       (140,89) 

Capture Clock Path
                  name                    model name   delay (ns)  cumulative delay (ns) pins on net    location
==================================================================================================================
cmos_pclk                                   input        0.000             0.000                0      (111,323)
cmos_pclk                                   input        0.110             0.110             1721      (111,323)
cmos_pclk                                   net          1.701             1.811             1721      (111,323)
   Routing elements:
      Manhattan distance of X:29, Y:234
u_camera/u_dvp_capture/x_count[2]~FF|CLK    EFX_FF       0.000             1.811             1721      (140,89) 

++++ Path 6 ++++++++++++++++++++++++++++++++++++++++++++++++++++++++++++++++++++

Path Begin    : cmos_href                              
Path End      : u_camera/u_dvp_capture/x_count[6]~FF|CE
Launch Clock  : cmos_pclk (FALL)                       
Capture Clock : cmos_pclk (RISE)                       
Slack         : 2.443 (required time - arrival time)   
Delay         : 2.976                                  

Logic Level             : 3
Non-global nets on path : 4
Global nets on path     : 0

Launch Clock Path Delay        : 0.000
+ Clock To Q + Data Path Delay : 3.067
+ Input Delay                  : 1.191
--------------------------------------
End-of-path arrival time       : 4.258

Constraint                     : 5.000
+ Capture Clock Path Delay     : 1.811
- Clock Uncertainty            : 0.110
--------------------------------------
End-of-path required time      : 6.701

Data Path
                 name                    model name   delay (ns)  cumulative delay (ns) pins on net    location
=================================================================================================================
cmos_href                                 input         0.000             0.000               0       (219,321)
cmos_href                                 input         0.110             0.110               6       (219,321)
cmos_href                                 net           0.803             0.913               6       (219,321)
   Routing elements:
      Manhattan distance of X:75, Y:50
LUT__21148|in[0]                          EFX_LUT4      0.055             0.968               6       (144,271)
LUT__21148|out                            EFX_LUT4      0.000             0.968              50       (144,271)
~u_camera/u_dvp_capture/n495              net           0.303             1.271              50       (144,271)
   Routing elements:
      Manhattan distance of X:0, Y:17
LUT__21154|in[0]                          EFX_LUT4      0.055             1.326              50       (144,254)
LUT__21154|out                            EFX_LUT4      0.000             1.326               3       (144,254)
ceg_net125                                net           0.743             2.069               3       (144,254)
   Routing elements:
      Manhattan distance of X:0, Y:158
LUT__21161|in[1]                          EFX_LUT4      0.055             2.124               3       (144,96) 
LUT__21161|out                            EFX_LUT4      0.000             2.124              11       (144,96) 
ceg_net131                                net           0.852             2.976              11       (144,96) 
   Routing elements:
      Manhattan distance of X:4, Y:3
u_camera/u_dvp_capture/x_count[6]~FF|CE   EFX_FF        0.091             3.067              11       (140,93) 

Capture Clock Path
                  name                    model name   delay (ns)  cumulative delay (ns) pins on net    location
==================================================================================================================
cmos_pclk                                   input        0.000             0.000                0      (111,323)
cmos_pclk                                   input        0.110             0.110             1721      (111,323)
cmos_pclk                                   net          1.701             1.811             1721      (111,323)
   Routing elements:
      Manhattan distance of X:29, Y:230
u_camera/u_dvp_capture/x_count[6]~FF|CLK    EFX_FF       0.000             1.811             1721      (140,93) 

++++ Path 7 ++++++++++++++++++++++++++++++++++++++++++++++++++++++++++++++++++++

Path Begin    : cmos_href                              
Path End      : u_camera/u_dvp_capture/x_count[4]~FF|CE
Launch Clock  : cmos_pclk (FALL)                       
Capture Clock : cmos_pclk (RISE)                       
Slack         : 2.443 (required time - arrival time)   
Delay         : 2.976                                  

Logic Level             : 3
Non-global nets on path : 4
Global nets on path     : 0

Launch Clock Path Delay        : 0.000
+ Clock To Q + Data Path Delay : 3.067
+ Input Delay                  : 1.191
--------------------------------------
End-of-path arrival time       : 4.258

Constraint                     : 5.000
+ Capture Clock Path Delay     : 1.811
- Clock Uncertainty            : 0.110
--------------------------------------
End-of-path required time      : 6.701

Data Path
                 name                    model name   delay (ns)  cumulative delay (ns) pins on net    location
=================================================================================================================
cmos_href                                 input         0.000             0.000               0       (219,321)
cmos_href                                 input         0.110             0.110               6       (219,321)
cmos_href                                 net           0.803             0.913               6       (219,321)
   Routing elements:
      Manhattan distance of X:75, Y:50
LUT__21148|in[0]                          EFX_LUT4      0.055             0.968               6       (144,271)
LUT__21148|out                            EFX_LUT4      0.000             0.968              50       (144,271)
~u_camera/u_dvp_capture/n495              net           0.303             1.271              50       (144,271)
   Routing elements:
      Manhattan distance of X:0, Y:17
LUT__21154|in[0]                          EFX_LUT4      0.055             1.326              50       (144,254)
LUT__21154|out                            EFX_LUT4      0.000             1.326               3       (144,254)
ceg_net125                                net           0.743             2.069               3       (144,254)
   Routing elements:
      Manhattan distance of X:0, Y:158
LUT__21161|in[1]                          EFX_LUT4      0.055             2.124               3       (144,96) 
LUT__21161|out                            EFX_LUT4      0.000             2.124              11       (144,96) 
ceg_net131                                net           0.852             2.976              11       (144,96) 
   Routing elements:
      Manhattan distance of X:4, Y:5
u_camera/u_dvp_capture/x_count[4]~FF|CE   EFX_FF        0.091             3.067              11       (140,91) 

Capture Clock Path
                  name                    model name   delay (ns)  cumulative delay (ns) pins on net    location
==================================================================================================================
cmos_pclk                                   input        0.000             0.000                0      (111,323)
cmos_pclk                                   input        0.110             0.110             1721      (111,323)
cmos_pclk                                   net          1.701             1.811             1721      (111,323)
   Routing elements:
      Manhattan distance of X:29, Y:232
u_camera/u_dvp_capture/x_count[4]~FF|CLK    EFX_FF       0.000             1.811             1721      (140,91) 

++++ Path 8 ++++++++++++++++++++++++++++++++++++++++++++++++++++++++++++++++++++

Path Begin    : cmos_href                              
Path End      : u_camera/u_dvp_capture/x_count[0]~FF|CE
Launch Clock  : cmos_pclk (FALL)                       
Capture Clock : cmos_pclk (RISE)                       
Slack         : 2.443 (required time - arrival time)   
Delay         : 2.976                                  

Logic Level             : 3
Non-global nets on path : 4
Global nets on path     : 0

Launch Clock Path Delay        : 0.000
+ Clock To Q + Data Path Delay : 3.067
+ Input Delay                  : 1.191
--------------------------------------
End-of-path arrival time       : 4.258

Constraint                     : 5.000
+ Capture Clock Path Delay     : 1.811
- Clock Uncertainty            : 0.110
--------------------------------------
End-of-path required time      : 6.701

Data Path
                 name                    model name   delay (ns)  cumulative delay (ns) pins on net    location
=================================================================================================================
cmos_href                                 input         0.000             0.000               0       (219,321)
cmos_href                                 input         0.110             0.110               6       (219,321)
cmos_href                                 net           0.803             0.913               6       (219,321)
   Routing elements:
      Manhattan distance of X:75, Y:50
LUT__21148|in[0]                          EFX_LUT4      0.055             0.968               6       (144,271)
LUT__21148|out                            EFX_LUT4      0.000             0.968              50       (144,271)
~u_camera/u_dvp_capture/n495              net           0.303             1.271              50       (144,271)
   Routing elements:
      Manhattan distance of X:0, Y:17
LUT__21154|in[0]                          EFX_LUT4      0.055             1.326              50       (144,254)
LUT__21154|out                            EFX_LUT4      0.000             1.326               3       (144,254)
ceg_net125                                net           0.743             2.069               3       (144,254)
   Routing elements:
      Manhattan distance of X:0, Y:158
LUT__21161|in[1]                          EFX_LUT4      0.055             2.124               3       (144,96) 
LUT__21161|out                            EFX_LUT4      0.000             2.124              11       (144,96) 
ceg_net131                                net           0.852             2.976              11       (144,96) 
   Routing elements:
      Manhattan distance of X:4, Y:8
u_camera/u_dvp_capture/x_count[0]~FF|CE   EFX_FF        0.091             3.067              11       (140,88) 

Capture Clock Path
                  name                    model name   delay (ns)  cumulative delay (ns) pins on net    location
==================================================================================================================
cmos_pclk                                   input        0.000             0.000                0      (111,323)
cmos_pclk                                   input        0.110             0.110             1721      (111,323)
cmos_pclk                                   net          1.701             1.811             1721      (111,323)
   Routing elements:
      Manhattan distance of X:29, Y:235
u_camera/u_dvp_capture/x_count[0]~FF|CLK    EFX_FF       0.000             1.811             1721      (140,88) 

++++ Path 9 ++++++++++++++++++++++++++++++++++++++++++++++++++++++++++++++++++++

Path Begin    : cmos_vsync                             
Path End      : u_camera/u_dvp_capture/x_count[3]~FF|CE
Launch Clock  : cmos_pclk (FALL)                       
Capture Clock : cmos_pclk (RISE)                       
Slack         : 2.478 (required time - arrival time)   
Delay         : 2.941                                  

Logic Level             : 3
Non-global nets on path : 4
Global nets on path     : 0

Launch Clock Path Delay        : 0.000
+ Clock To Q + Data Path Delay : 3.032
+ Input Delay                  : 1.191
--------------------------------------
End-of-path arrival time       : 4.223

Constraint                     : 5.000
+ Capture Clock Path Delay     : 1.811
- Clock Uncertainty            : 0.110
--------------------------------------
End-of-path required time      : 6.701

Data Path
                 name                    model name   delay (ns)  cumulative delay (ns) pins on net    location
=================================================================================================================
cmos_vsync                                input         0.000             0.000               0       (0,321)  
cmos_vsync                                input         0.110             0.110               7       (0,321)  
cmos_vsync                                net           0.963             1.073               7       (0,321)  
   Routing elements:
      Manhattan distance of X:139, Y:51
LUT__21150|in[0]                          EFX_LUT4      0.054             1.127               7       (139,270)
LUT__21150|out                            EFX_LUT4      0.000             1.127               5       (139,270)
~u_camera/u_dvp_capture/n478              net           0.282             1.409               5       (139,270)
   Routing elements:
      Manhattan distance of X:5, Y:16
LUT__21154|in[1]                          EFX_LUT4      0.055             1.464               5       (144,254)
LUT__21154|out                            EFX_LUT4      0.000             1.464               3       (144,254)
ceg_net125                                net           0.743             2.207               3       (144,254)
   Routing elements:
      Manhattan distance of X:0, Y:158
LUT__21161|in[1]                          EFX_LUT4      0.055             2.262               3       (144,96) 
LUT__21161|out                            EFX_LUT4      0.000             2.262              11       (144,96) 
ceg_net131                                net           0.679             2.941              11       (144,96) 
   Routing elements:
      Manhattan distance of X:3, Y:6
u_camera/u_dvp_capture/x_count[3]~FF|CE   EFX_FF        0.091             3.032              11       (141,90) 

Capture Clock Path
                  name                    model name   delay (ns)  cumulative delay (ns) pins on net    location
==================================================================================================================
cmos_pclk                                   input        0.000             0.000                0      (111,323)
cmos_pclk                                   input        0.110             0.110             1721      (111,323)
cmos_pclk                                   net          1.701             1.811             1721      (111,323)
   Routing elements:
      Manhattan distance of X:30, Y:233
u_camera/u_dvp_capture/x_count[3]~FF|CLK    EFX_FF       0.000             1.811             1721      (141,90) 

++++ Path 10 +++++++++++++++++++++++++++++++++++++++++++++++++++++++++++++++++++

Path Begin    : cmos_vsync                             
Path End      : u_camera/u_dvp_capture/x_count[1]~FF|CE
Launch Clock  : cmos_pclk (FALL)                       
Capture Clock : cmos_pclk (RISE)                       
Slack         : 2.478 (required time - arrival time)   
Delay         : 2.941                                  

Logic Level             : 3
Non-global nets on path : 4
Global nets on path     : 0

Launch Clock Path Delay        : 0.000
+ Clock To Q + Data Path Delay : 3.032
+ Input Delay                  : 1.191
--------------------------------------
End-of-path arrival time       : 4.223

Constraint                     : 5.000
+ Capture Clock Path Delay     : 1.811
- Clock Uncertainty            : 0.110
--------------------------------------
End-of-path required time      : 6.701

Data Path
                 name                    model name   delay (ns)  cumulative delay (ns) pins on net    location
=================================================================================================================
cmos_vsync                                input         0.000             0.000               0       (0,321)  
cmos_vsync                                input         0.110             0.110               7       (0,321)  
cmos_vsync                                net           0.963             1.073               7       (0,321)  
   Routing elements:
      Manhattan distance of X:139, Y:51
LUT__21150|in[0]                          EFX_LUT4      0.054             1.127               7       (139,270)
LUT__21150|out                            EFX_LUT4      0.000             1.127               5       (139,270)
~u_camera/u_dvp_capture/n478              net           0.282             1.409               5       (139,270)
   Routing elements:
      Manhattan distance of X:5, Y:16
LUT__21154|in[1]                          EFX_LUT4      0.055             1.464               5       (144,254)
LUT__21154|out                            EFX_LUT4      0.000             1.464               3       (144,254)
ceg_net125                                net           0.743             2.207               3       (144,254)
   Routing elements:
      Manhattan distance of X:0, Y:158
LUT__21161|in[1]                          EFX_LUT4      0.055             2.262               3       (144,96) 
LUT__21161|out                            EFX_LUT4      0.000             2.262              11       (144,96) 
ceg_net131                                net           0.679             2.941              11       (144,96) 
   Routing elements:
      Manhattan distance of X:3, Y:7
u_camera/u_dvp_capture/x_count[1]~FF|CE   EFX_FF        0.091             3.032              11       (141,89) 

Capture Clock Path
                  name                    model name   delay (ns)  cumulative delay (ns) pins on net    location
==================================================================================================================
cmos_pclk                                   input        0.000             0.000                0      (111,323)
cmos_pclk                                   input        0.110             0.110             1721      (111,323)
cmos_pclk                                   net          1.701             1.811             1721      (111,323)
   Routing elements:
      Manhattan distance of X:30, Y:234
u_camera/u_dvp_capture/x_count[1]~FF|CLK    EFX_FF       0.000             1.811             1721      (141,89) 

################################################################################
Path Detail Report (clk_sys vs clk_sys)
################################################################################


++++ Path 1 ++++++++++++++++++++++++++++++++++++++++++++++++++++++++++++++++++++

Path Begin    : u_camera/lut_index[1]~FF|CLK        
Path End      : u_camera/txn_write_data[3]~FF|D     
Launch Clock  : clk_sys (RISE)                      
Capture Clock : clk_sys (RISE)                      
Slack         : 5.795 (required time - arrival time)
Delay         : 4.396                               

Logic Level             : 7
Non-global nets on path : 8
Global nets on path     : 0

Launch Clock Path Delay        : 1.894
+ Clock To Q + Data Path Delay : 4.512
--------------------------------------
End-of-path arrival time       : 6.406

Constraint                     : 10.417
+ Capture Clock Path Delay     :  1.894
- Clock Uncertainty            :  0.110
---------------------------------------
End-of-path required time      : 12.201

Launch Clock Path
            name              model name   delay (ns)  cumulative delay (ns) pins on net    location
======================================================================================================
clk_sys                         input        0.000             0.000               0       (109,0)  
clk_sys                         input        0.110             0.110             171       (109,0)  
clk_sys                         net          1.784             1.894             171       (109,0)  
   Routing elements:
      Manhattan distance of X:83, Y:287
u_camera/lut_index[1]~FF|CLK    EFX_FF       0.000             1.894             171       (192,287)

Data Path
                name                  model name   delay (ns)  cumulative delay (ns) pins on net    location
==============================================================================================================
u_camera/lut_index[1]~FF|Q             EFX_FF        0.113             0.113             131       (192,287)
u_camera/lut_index[1]                  net           0.951             1.064             131       (192,287)
   Routing elements:
      Manhattan distance of X:15, Y:22
LUT__20429|in[0]                       EFX_LUT4      0.055             1.119             131       (177,265)
LUT__20429|out                         EFX_LUT4      0.000             1.119               6       (177,265)
n9678                                  net           0.267             1.386               6       (177,265)
   Routing elements:
      Manhattan distance of X:2, Y:5
LUT__20432|in[1]                       EFX_LUT4      0.054             1.440               6       (179,270)
LUT__20432|out                         EFX_LUT4      0.000             1.440               8       (179,270)
n9681                                  net           0.268             1.708               8       (179,270)
   Routing elements:
      Manhattan distance of X:3, Y:1
LUT__20433|in[0]                       EFX_LUT4      0.054             1.762               8       (182,271)
LUT__20433|out                         EFX_LUT4      0.000             1.762              49       (182,271)
n9682                                  net           1.306             3.068              49       (182,271)
   Routing elements:
      Manhattan distance of X:8, Y:8
LUT__20892|in[3]                       EFX_LUT4      0.054             3.122              49       (190,263)
LUT__20892|out                         EFX_LUT4      0.000             3.122               2       (190,263)
n10086                                 net           0.416             3.538               2       (190,263)
   Routing elements:
      Manhattan distance of X:11, Y:6
LUT__20895|in[2]                       EFX_LUT4      0.054             3.592               2       (179,269)
LUT__20895|out                         EFX_LUT4      0.000             3.592               2       (179,269)
n10089                                 net           0.421             4.013               2       (179,269)
   Routing elements:
      Manhattan distance of X:2, Y:12
LUT__20896|in[0]                       EFX_LUT4      0.054             4.067               2       (181,281)
LUT__20896|out                         EFX_LUT4      0.000             4.067               2       (181,281)
n10090                                 net           0.388             4.455               2       (181,281)
   Routing elements:
      Manhattan distance of X:7, Y:3
LUT__20897|in[2]                       EFX_LUT4      0.054             4.509               2       (188,284)
LUT__20897|out                         EFX_LUT4      0.000             4.509               2       (188,284)
u_camera/u_init_rom/official_data[3]   net           0.000             4.509               2       (188,284)
u_camera/txn_write_data[3]~FF|D        EFX_FF        0.003             4.512               2       (188,284)

Capture Clock Path
              name                 model name   delay (ns)  cumulative delay (ns) pins on net    location
===========================================================================================================
clk_sys                              input        0.000             0.000               0       (109,0)  
clk_sys                              input        0.110             0.110             171       (109,0)  
clk_sys                              net          1.784             1.894             171       (109,0)  
   Routing elements:
      Manhattan distance of X:79, Y:284
u_camera/txn_write_data[3]~FF|CLK    EFX_FF       0.000             1.894             171       (188,284)

++++ Path 2 ++++++++++++++++++++++++++++++++++++++++++++++++++++++++++++++++++++

Path Begin    : u_camera/lut_index[1]~FF|CLK        
Path End      : u_camera/txn_reg_addr[3]~FF|D       
Launch Clock  : clk_sys (RISE)                      
Capture Clock : clk_sys (RISE)                      
Slack         : 6.070 (required time - arrival time)
Delay         : 4.121                               

Logic Level             : 7
Non-global nets on path : 8
Global nets on path     : 0

Launch Clock Path Delay        : 1.894
+ Clock To Q + Data Path Delay : 4.237
--------------------------------------
End-of-path arrival time       : 6.131

Constraint                     : 10.417
+ Capture Clock Path Delay     :  1.894
- Clock Uncertainty            :  0.110
---------------------------------------
End-of-path required time      : 12.201

Launch Clock Path
            name              model name   delay (ns)  cumulative delay (ns) pins on net    location
======================================================================================================
clk_sys                         input        0.000             0.000               0       (109,0)  
clk_sys                         input        0.110             0.110             171       (109,0)  
clk_sys                         net          1.784             1.894             171       (109,0)  
   Routing elements:
      Manhattan distance of X:83, Y:287
u_camera/lut_index[1]~FF|CLK    EFX_FF       0.000             1.894             171       (192,287)

Data Path
             name                model name   delay (ns)  cumulative delay (ns) pins on net    location
=========================================================================================================
u_camera/lut_index[1]~FF|Q        EFX_FF        0.113             0.113             131       (192,287)
u_camera/lut_index[1]             net           0.951             1.064             131       (192,287)
   Routing elements:
      Manhattan distance of X:15, Y:22
LUT__20429|in[0]                  EFX_LUT4      0.055             1.119             131       (177,265)
LUT__20429|out                    EFX_LUT4      0.000             1.119               6       (177,265)
n9678                             net           0.267             1.386               6       (177,265)
   Routing elements:
      Manhattan distance of X:2, Y:5
LUT__20432|in[1]                  EFX_LUT4      0.054             1.440               6       (179,270)
LUT__20432|out                    EFX_LUT4      0.000             1.440               8       (179,270)
n9681                             net           0.255             1.695               8       (179,270)
   Routing elements:
      Manhattan distance of X:5, Y:9
LUT__20450|in[0]                  EFX_LUT4      0.054             1.749               8       (184,279)
LUT__20450|out                    EFX_LUT4      0.000             1.749              46       (184,279)
n9699                             net           1.197             2.946              46       (184,279)
   Routing elements:
      Manhattan distance of X:14, Y:22
LUT__20660|in[2]                  EFX_LUT4      0.054             3.000              46       (170,257)
LUT__20660|out                    EFX_LUT4      0.000             3.000               2       (170,257)
n9877                             net           0.216             3.216               2       (170,257)
   Routing elements:
      Manhattan distance of X:0, Y:10
LUT__20666|in[1]                  EFX_LUT4      0.054             3.270               2       (170,267)
LUT__20666|out                    EFX_LUT4      0.000             3.270               2       (170,267)
n9883                             net           0.353             3.623               2       (170,267)
   Routing elements:
      Manhattan distance of X:6, Y:14
LUT__20667|in[2]                  EFX_LUT4      0.054             3.677               2       (176,281)
LUT__20667|out                    EFX_LUT4      0.000             3.677               2       (176,281)
n9884                             net           0.503             4.180               2       (176,281)
   Routing elements:
      Manhattan distance of X:12, Y:11
LUT__20668|in[0]                  EFX_LUT4      0.054             4.234               2       (188,292)
LUT__20668|out                    EFX_LUT4      0.000             4.234               2       (188,292)
u_camera/u_init_controller/n876   net           0.000             4.234               2       (188,292)
u_camera/txn_reg_addr[3]~FF|D     EFX_FF        0.003             4.237               2       (188,292)

Capture Clock Path
             name                model name   delay (ns)  cumulative delay (ns) pins on net    location
=========================================================================================================
clk_sys                            input        0.000             0.000               0       (109,0)  
clk_sys                            input        0.110             0.110             171       (109,0)  
clk_sys                            net          1.784             1.894             171       (109,0)  
   Routing elements:
      Manhattan distance of X:79, Y:292
u_camera/txn_reg_addr[3]~FF|CLK    EFX_FF       0.000             1.894             171       (188,292)

++++ Path 3 ++++++++++++++++++++++++++++++++++++++++++++++++++++++++++++++++++++

Path Begin    : u_camera/lut_index[2]~FF|CLK        
Path End      : u_camera/txn_write_data[3]~FF|D     
Launch Clock  : clk_sys (RISE)                      
Capture Clock : clk_sys (RISE)                      
Slack         : 6.073 (required time - arrival time)
Delay         : 4.118                               

Logic Level             : 7
Non-global nets on path : 8
Global nets on path     : 0

Launch Clock Path Delay        : 1.894
+ Clock To Q + Data Path Delay : 4.234
--------------------------------------
End-of-path arrival time       : 6.128

Constraint                     : 10.417
+ Capture Clock Path Delay     :  1.894
- Clock Uncertainty            :  0.110
---------------------------------------
End-of-path required time      : 12.201

Launch Clock Path
            name              model name   delay (ns)  cumulative delay (ns) pins on net    location
======================================================================================================
clk_sys                         input        0.000             0.000               0       (109,0)  
clk_sys                         input        0.110             0.110             171       (109,0)  
clk_sys                         net          1.784             1.894             171       (109,0)  
   Routing elements:
      Manhattan distance of X:80, Y:287
u_camera/lut_index[2]~FF|CLK    EFX_FF       0.000             1.894             171       (189,287)

Data Path
                name                  model name   delay (ns)  cumulative delay (ns) pins on net    location
==============================================================================================================
u_camera/lut_index[2]~FF|Q             EFX_FF        0.113             0.113             132       (189,287)
u_camera/lut_index[2]                  net           0.566             0.679             132       (189,287)
   Routing elements:
      Manhattan distance of X:29, Y:21
LUT__20431|in[1]                       EFX_LUT4      0.054             0.733             132       (160,266)
LUT__20431|out                         EFX_LUT4      0.000             0.733              11       (160,266)
n9680                                  net           0.375             1.108              11       (160,266)
   Routing elements:
      Manhattan distance of X:19, Y:4
LUT__20432|in[0]                       EFX_LUT4      0.054             1.162              11       (179,270)
LUT__20432|out                         EFX_LUT4      0.000             1.162               8       (179,270)
n9681                                  net           0.268             1.430               8       (179,270)
   Routing elements:
      Manhattan distance of X:3, Y:1
LUT__20433|in[0]                       EFX_LUT4      0.054             1.484               8       (182,271)
LUT__20433|out                         EFX_LUT4      0.000             1.484              49       (182,271)
n9682                                  net           1.306             2.790              49       (182,271)
   Routing elements:
      Manhattan distance of X:8, Y:8
LUT__20892|in[3]                       EFX_LUT4      0.054             2.844              49       (190,263)
LUT__20892|out                         EFX_LUT4      0.000             2.844               2       (190,263)
n10086                                 net           0.416             3.260               2       (190,263)
   Routing elements:
      Manhattan distance of X:11, Y:6
LUT__20895|in[2]                       EFX_LUT4      0.054             3.314               2       (179,269)
LUT__20895|out                         EFX_LUT4      0.000             3.314               2       (179,269)
n10089                                 net           0.421             3.735               2       (179,269)
   Routing elements:
      Manhattan distance of X:2, Y:12
LUT__20896|in[0]                       EFX_LUT4      0.054             3.789               2       (181,281)
LUT__20896|out                         EFX_LUT4      0.000             3.789               2       (181,281)
n10090                                 net           0.388             4.177               2       (181,281)
   Routing elements:
      Manhattan distance of X:7, Y:3
LUT__20897|in[2]                       EFX_LUT4      0.054             4.231               2       (188,284)
LUT__20897|out                         EFX_LUT4      0.000             4.231               2       (188,284)
u_camera/u_init_rom/official_data[3]   net           0.000             4.231               2       (188,284)
u_camera/txn_write_data[3]~FF|D        EFX_FF        0.003             4.234               2       (188,284)

Capture Clock Path
              name                 model name   delay (ns)  cumulative delay (ns) pins on net    location
===========================================================================================================
clk_sys                              input        0.000             0.000               0       (109,0)  
clk_sys                              input        0.110             0.110             171       (109,0)  
clk_sys                              net          1.784             1.894             171       (109,0)  
   Routing elements:
      Manhattan distance of X:79, Y:284
u_camera/txn_write_data[3]~FF|CLK    EFX_FF       0.000             1.894             171       (188,284)

++++ Path 4 ++++++++++++++++++++++++++++++++++++++++++++++++++++++++++++++++++++

Path Begin    : u_camera/lut_index[0]~FF|CLK        
Path End      : u_camera/txn_write_data[3]~FF|D     
Launch Clock  : clk_sys (RISE)                      
Capture Clock : clk_sys (RISE)                      
Slack         : 6.125 (required time - arrival time)
Delay         : 4.066                               

Logic Level             : 7
Non-global nets on path : 8
Global nets on path     : 0

Launch Clock Path Delay        : 1.894
+ Clock To Q + Data Path Delay : 4.182
--------------------------------------
End-of-path arrival time       : 6.076

Constraint                     : 10.417
+ Capture Clock Path Delay     :  1.894
- Clock Uncertainty            :  0.110
---------------------------------------
End-of-path required time      : 12.201

Launch Clock Path
            name              model name   delay (ns)  cumulative delay (ns) pins on net    location
======================================================================================================
clk_sys                         input        0.000             0.000               0       (109,0)  
clk_sys                         input        0.110             0.110             171       (109,0)  
clk_sys                         net          1.784             1.894             171       (109,0)  
   Routing elements:
      Manhattan distance of X:83, Y:288
u_camera/lut_index[0]~FF|CLK    EFX_FF       0.000             1.894             171       (192,288)

Data Path
                name                  model name   delay (ns)  cumulative delay (ns) pins on net    location
==============================================================================================================
u_camera/lut_index[0]~FF|Q             EFX_FF        0.113             0.113             143       (192,288)
u_camera/lut_index[0]                  net           0.514             0.627             143       (192,288)
   Routing elements:
      Manhattan distance of X:32, Y:22
LUT__20431|in[0]                       EFX_LUT4      0.054             0.681             143       (160,266)
LUT__20431|out                         EFX_LUT4      0.000             0.681              11       (160,266)
n9680                                  net           0.375             1.056              11       (160,266)
   Routing elements:
      Manhattan distance of X:19, Y:4
LUT__20432|in[0]                       EFX_LUT4      0.054             1.110              11       (179,270)
LUT__20432|out                         EFX_LUT4      0.000             1.110               8       (179,270)
n9681                                  net           0.268             1.378               8       (179,270)
   Routing elements:
      Manhattan distance of X:3, Y:1
LUT__20433|in[0]                       EFX_LUT4      0.054             1.432               8       (182,271)
LUT__20433|out                         EFX_LUT4      0.000             1.432              49       (182,271)
n9682                                  net           1.306             2.738              49       (182,271)
   Routing elements:
      Manhattan distance of X:8, Y:8
LUT__20892|in[3]                       EFX_LUT4      0.054             2.792              49       (190,263)
LUT__20892|out                         EFX_LUT4      0.000             2.792               2       (190,263)
n10086                                 net           0.416             3.208               2       (190,263)
   Routing elements:
      Manhattan distance of X:11, Y:6
LUT__20895|in[2]                       EFX_LUT4      0.054             3.262               2       (179,269)
LUT__20895|out                         EFX_LUT4      0.000             3.262               2       (179,269)
n10089                                 net           0.421             3.683               2       (179,269)
   Routing elements:
      Manhattan distance of X:2, Y:12
LUT__20896|in[0]                       EFX_LUT4      0.054             3.737               2       (181,281)
LUT__20896|out                         EFX_LUT4      0.000             3.737               2       (181,281)
n10090                                 net           0.388             4.125               2       (181,281)
   Routing elements:
      Manhattan distance of X:7, Y:3
LUT__20897|in[2]                       EFX_LUT4      0.054             4.179               2       (188,284)
LUT__20897|out                         EFX_LUT4      0.000             4.179               2       (188,284)
u_camera/u_init_rom/official_data[3]   net           0.000             4.179               2       (188,284)
u_camera/txn_write_data[3]~FF|D        EFX_FF        0.003             4.182               2       (188,284)

Capture Clock Path
              name                 model name   delay (ns)  cumulative delay (ns) pins on net    location
===========================================================================================================
clk_sys                              input        0.000             0.000               0       (109,0)  
clk_sys                              input        0.110             0.110             171       (109,0)  
clk_sys                              net          1.784             1.894             171       (109,0)  
   Routing elements:
      Manhattan distance of X:79, Y:284
u_camera/txn_write_data[3]~FF|CLK    EFX_FF       0.000             1.894             171       (188,284)

++++ Path 5 ++++++++++++++++++++++++++++++++++++++++++++++++++++++++++++++++++++

Path Begin    : u_camera/lut_index[4]~FF|CLK        
Path End      : u_camera/txn_reg_addr[3]~FF|D       
Launch Clock  : clk_sys (RISE)                      
Capture Clock : clk_sys (RISE)                      
Slack         : 6.147 (required time - arrival time)
Delay         : 4.044                               

Logic Level             : 7
Non-global nets on path : 8
Global nets on path     : 0

Launch Clock Path Delay        : 1.894
+ Clock To Q + Data Path Delay : 4.160
--------------------------------------
End-of-path arrival time       : 6.054

Constraint                     : 10.417
+ Capture Clock Path Delay     :  1.894
- Clock Uncertainty            :  0.110
---------------------------------------
End-of-path required time      : 12.201

Launch Clock Path
            name              model name   delay (ns)  cumulative delay (ns) pins on net    location
======================================================================================================
clk_sys                         input        0.000             0.000               0       (109,0)  
clk_sys                         input        0.110             0.110             171       (109,0)  
clk_sys                         net          1.784             1.894             171       (109,0)  
   Routing elements:
      Manhattan distance of X:83, Y:283
u_camera/lut_index[4]~FF|CLK    EFX_FF       0.000             1.894             171       (192,283)

Data Path
             name                model name   delay (ns)  cumulative delay (ns) pins on net    location
=========================================================================================================
u_camera/lut_index[4]~FF|Q        EFX_FF        0.113             0.113              98       (192,283)
u_camera/lut_index[4]             net           0.513             0.626              98       (192,283)
   Routing elements:
      Manhattan distance of X:23, Y:21
LUT__20404|in[0]                  EFX_LUT4      0.054             0.680              98       (169,262)
LUT__20404|out                    EFX_LUT4      0.000             0.680              11       (169,262)
n9655                             net           0.484             1.164              11       (169,262)
   Routing elements:
      Manhattan distance of X:15, Y:20
LUT__20426|in[1]                  EFX_LUT4      0.054             1.218              11       (184,282)
LUT__20426|out                    EFX_LUT4      0.000             1.218               5       (184,282)
n9675                             net           0.166             1.384               5       (184,282)
   Routing elements:
      Manhattan distance of X:1, Y:0
LUT__20427|in[0]                  EFX_LUT4      0.054             1.438               5       (185,282)
LUT__20427|out                    EFX_LUT4      0.000             1.438               6       (185,282)
n9676                             net           0.378             1.816               6       (185,282)
   Routing elements:
      Manhattan distance of X:2, Y:2
LUT__20438|in[0]                  EFX_LUT4      0.054             1.870               6       (187,284)
LUT__20438|out                    EFX_LUT4      0.000             1.870              37       (187,284)
n9687                             net           1.207             3.077              37       (187,284)
   Routing elements:
      Manhattan distance of X:11, Y:4
LUT__20655|in[2]                  EFX_LUT4      0.054             3.131              37       (176,280)
LUT__20655|out                    EFX_LUT4      0.000             3.131               2       (176,280)
n9872                             net           0.415             3.546               2       (176,280)
   Routing elements:
      Manhattan distance of X:0, Y:1
LUT__20667|in[0]                  EFX_LUT4      0.054             3.600               2       (176,281)
LUT__20667|out                    EFX_LUT4      0.000             3.600               2       (176,281)
n9884                             net           0.503             4.103               2       (176,281)
   Routing elements:
      Manhattan distance of X:12, Y:11
LUT__20668|in[0]                  EFX_LUT4      0.054             4.157               2       (188,292)
LUT__20668|out                    EFX_LUT4      0.000             4.157               2       (188,292)
u_camera/u_init_controller/n876   net           0.000             4.157               2       (188,292)
u_camera/txn_reg_addr[3]~FF|D     EFX_FF        0.003             4.160               2       (188,292)

Capture Clock Path
             name                model name   delay (ns)  cumulative delay (ns) pins on net    location
=========================================================================================================
clk_sys                            input        0.000             0.000               0       (109,0)  
clk_sys                            input        0.110             0.110             171       (109,0)  
clk_sys                            net          1.784             1.894             171       (109,0)  
   Routing elements:
      Manhattan distance of X:79, Y:292
u_camera/txn_reg_addr[3]~FF|CLK    EFX_FF       0.000             1.894             171       (188,292)

++++ Path 6 ++++++++++++++++++++++++++++++++++++++++++++++++++++++++++++++++++++

Path Begin    : u_camera/lut_index[2]~FF|CLK        
Path End      : u_camera/txn_reg_addr[3]~FF|D       
Launch Clock  : clk_sys (RISE)                      
Capture Clock : clk_sys (RISE)                      
Slack         : 6.154 (required time - arrival time)
Delay         : 4.037                               

Logic Level             : 7
Non-global nets on path : 8
Global nets on path     : 0

Launch Clock Path Delay        : 1.894
+ Clock To Q + Data Path Delay : 4.153
--------------------------------------
End-of-path arrival time       : 6.047

Constraint                     : 10.417
+ Capture Clock Path Delay     :  1.894
- Clock Uncertainty            :  0.110
---------------------------------------
End-of-path required time      : 12.201

Launch Clock Path
            name              model name   delay (ns)  cumulative delay (ns) pins on net    location
======================================================================================================
clk_sys                         input        0.000             0.000               0       (109,0)  
clk_sys                         input        0.110             0.110             171       (109,0)  
clk_sys                         net          1.784             1.894             171       (109,0)  
   Routing elements:
      Manhattan distance of X:80, Y:287
u_camera/lut_index[2]~FF|CLK    EFX_FF       0.000             1.894             171       (189,287)

Data Path
             name                model name   delay (ns)  cumulative delay (ns) pins on net    location
=========================================================================================================
u_camera/lut_index[2]~FF|Q        EFX_FF        0.113             0.113             132       (189,287)
u_camera/lut_index[2]             net           0.602             0.715             132       (189,287)
   Routing elements:
      Manhattan distance of X:7, Y:13
LUT__20425|in[0]                  EFX_LUT4      0.054             0.769             132       (182,274)
LUT__20425|out                    EFX_LUT4      0.000             0.769              17       (182,274)
n9674                             net           0.388             1.157              17       (182,274)
   Routing elements:
      Manhattan distance of X:2, Y:8
LUT__20426|in[0]                  EFX_LUT4      0.054             1.211              17       (184,282)
LUT__20426|out                    EFX_LUT4      0.000             1.211               5       (184,282)
n9675                             net           0.166             1.377               5       (184,282)
   Routing elements:
      Manhattan distance of X:1, Y:0
LUT__20427|in[0]                  EFX_LUT4      0.054             1.431               5       (185,282)
LUT__20427|out                    EFX_LUT4      0.000             1.431               6       (185,282)
n9676                             net           0.378             1.809               6       (185,282)
   Routing elements:
      Manhattan distance of X:2, Y:2
LUT__20438|in[0]                  EFX_LUT4      0.054             1.863               6       (187,284)
LUT__20438|out                    EFX_LUT4      0.000             1.863              37       (187,284)
n9687                             net           1.207             3.070              37       (187,284)
   Routing elements:
      Manhattan distance of X:11, Y:4
LUT__20655|in[2]                  EFX_LUT4      0.054             3.124              37       (176,280)
LUT__20655|out                    EFX_LUT4      0.000             3.124               2       (176,280)
n9872                             net           0.415             3.539               2       (176,280)
   Routing elements:
      Manhattan distance of X:0, Y:1
LUT__20667|in[0]                  EFX_LUT4      0.054             3.593               2       (176,281)
LUT__20667|out                    EFX_LUT4      0.000             3.593               2       (176,281)
n9884                             net           0.503             4.096               2       (176,281)
   Routing elements:
      Manhattan distance of X:12, Y:11
LUT__20668|in[0]                  EFX_LUT4      0.054             4.150               2       (188,292)
LUT__20668|out                    EFX_LUT4      0.000             4.150               2       (188,292)
u_camera/u_init_controller/n876   net           0.000             4.150               2       (188,292)
u_camera/txn_reg_addr[3]~FF|D     EFX_FF        0.003             4.153               2       (188,292)

Capture Clock Path
             name                model name   delay (ns)  cumulative delay (ns) pins on net    location
=========================================================================================================
clk_sys                            input        0.000             0.000               0       (109,0)  
clk_sys                            input        0.110             0.110             171       (109,0)  
clk_sys                            net          1.784             1.894             171       (109,0)  
   Routing elements:
      Manhattan distance of X:79, Y:292
u_camera/txn_reg_addr[3]~FF|CLK    EFX_FF       0.000             1.894             171       (188,292)

++++ Path 7 ++++++++++++++++++++++++++++++++++++++++++++++++++++++++++++++++++++

Path Begin    : u_camera/lut_index[1]~FF|CLK        
Path End      : u_camera/txn_reg_addr[1]~FF|D       
Launch Clock  : clk_sys (RISE)                      
Capture Clock : clk_sys (RISE)                      
Slack         : 6.190 (required time - arrival time)
Delay         : 4.001                               

Logic Level             : 8
Non-global nets on path : 9
Global nets on path     : 0

Launch Clock Path Delay        : 1.894
+ Clock To Q + Data Path Delay : 4.117
--------------------------------------
End-of-path arrival time       : 6.011

Constraint                     : 10.417
+ Capture Clock Path Delay     :  1.894
- Clock Uncertainty            :  0.110
---------------------------------------
End-of-path required time      : 12.201

Launch Clock Path
            name              model name   delay (ns)  cumulative delay (ns) pins on net    location
======================================================================================================
clk_sys                         input        0.000             0.000               0       (109,0)  
clk_sys                         input        0.110             0.110             171       (109,0)  
clk_sys                         net          1.784             1.894             171       (109,0)  
   Routing elements:
      Manhattan distance of X:83, Y:287
u_camera/lut_index[1]~FF|CLK    EFX_FF       0.000             1.894             171       (192,287)

Data Path
              name                model name   delay (ns)  cumulative delay (ns) pins on net    location
==========================================================================================================
u_camera/lut_index[1]~FF|Q         EFX_FF        0.113             0.113             131       (192,287)
u_camera/lut_index[1]              net           0.951             1.064             131       (192,287)
   Routing elements:
      Manhattan distance of X:15, Y:22
LUT__20429|in[0]                   EFX_LUT4      0.055             1.119             131       (177,265)
LUT__20429|out                     EFX_LUT4      0.000             1.119               6       (177,265)
n9678                              net           0.267             1.386               6       (177,265)
   Routing elements:
      Manhattan distance of X:2, Y:5
LUT__20432|in[1]                   EFX_LUT4      0.054             1.440               6       (179,270)
LUT__20432|out                     EFX_LUT4      0.000             1.440               8       (179,270)
n9681                              net           0.255             1.695               8       (179,270)
   Routing elements:
      Manhattan distance of X:5, Y:9
LUT__20450|in[0]                   EFX_LUT4      0.054             1.749               8       (184,279)
LUT__20450|out                     EFX_LUT4      0.000             1.749              46       (184,279)
n9699                              net           0.610             2.359              46       (184,279)
   Routing elements:
      Manhattan distance of X:20, Y:9
LUT__20468|in[1]                   EFX_LUT4      0.054             2.413              46       (164,270)
LUT__20468|out                     EFX_LUT4      0.000             2.413              12       (164,270)
n9717                              net           0.636             3.049              12       (164,270)
   Routing elements:
      Manhattan distance of X:21, Y:3
LUT__20581|in[3]                   EFX_LUT4      0.054             3.103              12       (185,267)
LUT__20581|out                     EFX_LUT4      0.000             3.103               2       (185,267)
n9800                              net           0.282             3.385               2       (185,267)
   Routing elements:
      Manhattan distance of X:6, Y:10
LUT__20585|in[2]                   EFX_LUT4      0.054             3.439               2       (179,277)
LUT__20585|out                     EFX_LUT4      0.000             3.439               2       (179,277)
n9804                              net           0.266             3.705               2       (179,277)
   Routing elements:
      Manhattan distance of X:5, Y:8
LUT__20606|in[0]                   EFX_LUT4      0.054             3.759               2       (184,285)
LUT__20606|out                     EFX_LUT4      0.000             3.759               2       (184,285)
n9825                              net           0.301             4.060               2       (184,285)
   Routing elements:
      Manhattan distance of X:4, Y:2
LUT__20607|in[3]                   EFX_LUT4      0.054             4.114               2       (188,287)
LUT__20607|out                     EFX_LUT4      0.000             4.114               2       (188,287)
u_camera/u_init_controller/n1027   net           0.000             4.114               2       (188,287)
u_camera/txn_reg_addr[1]~FF|D      EFX_FF        0.003             4.117               2       (188,287)

Capture Clock Path
             name                model name   delay (ns)  cumulative delay (ns) pins on net    location
=========================================================================================================
clk_sys                            input        0.000             0.000               0       (109,0)  
clk_sys                            input        0.110             0.110             171       (109,0)  
clk_sys                            net          1.784             1.894             171       (109,0)  
   Routing elements:
      Manhattan distance of X:79, Y:287
u_camera/txn_reg_addr[1]~FF|CLK    EFX_FF       0.000             1.894             171       (188,287)

++++ Path 8 ++++++++++++++++++++++++++++++++++++++++++++++++++++++++++++++++++++

Path Begin    : u_camera/lut_index[5]~FF|CLK        
Path End      : u_camera/txn_reg_addr[3]~FF|D       
Launch Clock  : clk_sys (RISE)                      
Capture Clock : clk_sys (RISE)                      
Slack         : 6.220 (required time - arrival time)
Delay         : 3.971                               

Logic Level             : 7
Non-global nets on path : 8
Global nets on path     : 0

Launch Clock Path Delay        : 1.894
+ Clock To Q + Data Path Delay : 4.087
--------------------------------------
End-of-path arrival time       : 5.981

Constraint                     : 10.417
+ Capture Clock Path Delay     :  1.894
- Clock Uncertainty            :  0.110
---------------------------------------
End-of-path required time      : 12.201

Launch Clock Path
            name              model name   delay (ns)  cumulative delay (ns) pins on net    location
======================================================================================================
clk_sys                         input        0.000             0.000               0       (109,0)  
clk_sys                         input        0.110             0.110             171       (109,0)  
clk_sys                         net          1.784             1.894             171       (109,0)  
   Routing elements:
      Manhattan distance of X:80, Y:282
u_camera/lut_index[5]~FF|CLK    EFX_FF       0.000             1.894             171       (189,282)

Data Path
             name                model name   delay (ns)  cumulative delay (ns) pins on net    location
=========================================================================================================
u_camera/lut_index[5]~FF|Q        EFX_FF        0.113             0.113              87       (189,282)
u_camera/lut_index[5]             net           0.440             0.553              87       (189,282)
   Routing elements:
      Manhattan distance of X:20, Y:20
LUT__20404|in[1]                  EFX_LUT4      0.054             0.607              87       (169,262)
LUT__20404|out                    EFX_LUT4      0.000             0.607              11       (169,262)
n9655                             net           0.484             1.091              11       (169,262)
   Routing elements:
      Manhattan distance of X:15, Y:20
LUT__20426|in[1]                  EFX_LUT4      0.054             1.145              11       (184,282)
LUT__20426|out                    EFX_LUT4      0.000             1.145               5       (184,282)
n9675                             net           0.166             1.311               5       (184,282)
   Routing elements:
      Manhattan distance of X:1, Y:0
LUT__20427|in[0]                  EFX_LUT4      0.054             1.365               5       (185,282)
LUT__20427|out                    EFX_LUT4      0.000             1.365               6       (185,282)
n9676                             net           0.378             1.743               6       (185,282)
   Routing elements:
      Manhattan distance of X:2, Y:2
LUT__20438|in[0]                  EFX_LUT4      0.054             1.797               6       (187,284)
LUT__20438|out                    EFX_LUT4      0.000             1.797              37       (187,284)
n9687                             net           1.207             3.004              37       (187,284)
   Routing elements:
      Manhattan distance of X:11, Y:4
LUT__20655|in[2]                  EFX_LUT4      0.054             3.058              37       (176,280)
LUT__20655|out                    EFX_LUT4      0.000             3.058               2       (176,280)
n9872                             net           0.415             3.473               2       (176,280)
   Routing elements:
      Manhattan distance of X:0, Y:1
LUT__20667|in[0]                  EFX_LUT4      0.054             3.527               2       (176,281)
LUT__20667|out                    EFX_LUT4      0.000             3.527               2       (176,281)
n9884                             net           0.503             4.030               2       (176,281)
   Routing elements:
      Manhattan distance of X:12, Y:11
LUT__20668|in[0]                  EFX_LUT4      0.054             4.084               2       (188,292)
LUT__20668|out                    EFX_LUT4      0.000             4.084               2       (188,292)
u_camera/u_init_controller/n876   net           0.000             4.084               2       (188,292)
u_camera/txn_reg_addr[3]~FF|D     EFX_FF        0.003             4.087               2       (188,292)

Capture Clock Path
             name                model name   delay (ns)  cumulative delay (ns) pins on net    location
=========================================================================================================
clk_sys                            input        0.000             0.000               0       (109,0)  
clk_sys                            input        0.110             0.110             171       (109,0)  
clk_sys                            net          1.784             1.894             171       (109,0)  
   Routing elements:
      Manhattan distance of X:79, Y:292
u_camera/txn_reg_addr[3]~FF|CLK    EFX_FF       0.000             1.894             171       (188,292)

++++ Path 9 ++++++++++++++++++++++++++++++++++++++++++++++++++++++++++++++++++++

Path Begin    : u_camera/lut_index[1]~FF|CLK        
Path End      : u_camera/txn_write_data[5]~FF|D     
Launch Clock  : clk_sys (RISE)                      
Capture Clock : clk_sys (RISE)                      
Slack         : 6.234 (required time - arrival time)
Delay         : 3.957                               

Logic Level             : 7
Non-global nets on path : 8
Global nets on path     : 0

Launch Clock Path Delay        : 1.894
+ Clock To Q + Data Path Delay : 4.073
--------------------------------------
End-of-path arrival time       : 5.967

Constraint                     : 10.417
+ Capture Clock Path Delay     :  1.894
- Clock Uncertainty            :  0.110
---------------------------------------
End-of-path required time      : 12.201

Launch Clock Path
            name              model name   delay (ns)  cumulative delay (ns) pins on net    location
======================================================================================================
clk_sys                         input        0.000             0.000               0       (109,0)  
clk_sys                         input        0.110             0.110             171       (109,0)  
clk_sys                         net          1.784             1.894             171       (109,0)  
   Routing elements:
      Manhattan distance of X:83, Y:287
u_camera/lut_index[1]~FF|CLK    EFX_FF       0.000             1.894             171       (192,287)

Data Path
                name                  model name   delay (ns)  cumulative delay (ns) pins on net    location
==============================================================================================================
u_camera/lut_index[1]~FF|Q             EFX_FF        0.113             0.113             131       (192,287)
u_camera/lut_index[1]                  net           0.951             1.064             131       (192,287)
   Routing elements:
      Manhattan distance of X:15, Y:22
LUT__20429|in[0]                       EFX_LUT4      0.055             1.119             131       (177,265)
LUT__20429|out                         EFX_LUT4      0.000             1.119               6       (177,265)
n9678                                  net           0.267             1.386               6       (177,265)
   Routing elements:
      Manhattan distance of X:2, Y:5
LUT__20432|in[1]                       EFX_LUT4      0.054             1.440               6       (179,270)
LUT__20432|out                         EFX_LUT4      0.000             1.440               8       (179,270)
n9681                                  net           0.255             1.695               8       (179,270)
   Routing elements:
      Manhattan distance of X:5, Y:9
LUT__20450|in[0]                       EFX_LUT4      0.054             1.749               8       (184,279)
LUT__20450|out                         EFX_LUT4      0.000             1.749              46       (184,279)
n9699                                  net           1.092             2.841              46       (184,279)
   Routing elements:
      Manhattan distance of X:16, Y:28
LUT__20939|in[3]                       EFX_LUT4      0.055             2.896              46       (168,251)
LUT__20939|out                         EFX_LUT4      0.000             2.896               2       (168,251)
n10131                                 net           0.262             3.158               2       (168,251)
   Routing elements:
      Manhattan distance of X:0, Y:5
LUT__20949|in[1]                       EFX_LUT4      0.055             3.213               2       (168,256)
LUT__20949|out                         EFX_LUT4      0.000             3.213               2       (168,256)
n10141                                 net           0.344             3.557               2       (168,256)
   Routing elements:
      Manhattan distance of X:1, Y:19
LUT__20952|in[1]                       EFX_LUT4      0.054             3.611               2       (169,275)
LUT__20952|out                         EFX_LUT4      0.000             3.611               2       (169,275)
n10144                                 net           0.405             4.016               2       (169,275)
   Routing elements:
      Manhattan distance of X:10, Y:8
LUT__20958|in[2]                       EFX_LUT4      0.054             4.070               2       (179,283)
LUT__20958|out                         EFX_LUT4      0.000             4.070               2       (179,283)
u_camera/u_init_rom/official_data[5]   net           0.000             4.070               2       (179,283)
u_camera/txn_write_data[5]~FF|D        EFX_FF        0.003             4.073               2       (179,283)

Capture Clock Path
              name                 model name   delay (ns)  cumulative delay (ns) pins on net    location
===========================================================================================================
clk_sys                              input        0.000             0.000               0       (109,0)  
clk_sys                              input        0.110             0.110             171       (109,0)  
clk_sys                              net          1.784             1.894             171       (109,0)  
   Routing elements:
      Manhattan distance of X:70, Y:283
u_camera/txn_write_data[5]~FF|CLK    EFX_FF       0.000             1.894             171       (179,283)

++++ Path 10 +++++++++++++++++++++++++++++++++++++++++++++++++++++++++++++++++++

Path Begin    : u_camera/lut_index[3]~FF|CLK        
Path End      : u_camera/txn_write_data[3]~FF|D     
Launch Clock  : clk_sys (RISE)                      
Capture Clock : clk_sys (RISE)                      
Slack         : 6.239 (required time - arrival time)
Delay         : 3.952                               

Logic Level             : 7
Non-global nets on path : 8
Global nets on path     : 0

Launch Clock Path Delay        : 1.894
+ Clock To Q + Data Path Delay : 4.068
--------------------------------------
End-of-path arrival time       : 5.962

Constraint                     : 10.417
+ Capture Clock Path Delay     :  1.894
- Clock Uncertainty            :  0.110
---------------------------------------
End-of-path required time      : 12.201

Launch Clock Path
            name              model name   delay (ns)  cumulative delay (ns) pins on net    location
======================================================================================================
clk_sys                         input        0.000             0.000               0       (109,0)  
clk_sys                         input        0.110             0.110             171       (109,0)  
clk_sys                         net          1.784             1.894             171       (109,0)  
   Routing elements:
      Manhattan distance of X:83, Y:282
u_camera/lut_index[3]~FF|CLK    EFX_FF       0.000             1.894             171       (192,282)

Data Path
                name                  model name   delay (ns)  cumulative delay (ns) pins on net    location
==============================================================================================================
u_camera/lut_index[3]~FF|Q             EFX_FF        0.113             0.113             135       (192,282)
u_camera/lut_index[3]                  net           0.507             0.620             135       (192,282)
   Routing elements:
      Manhattan distance of X:15, Y:17
LUT__20429|in[1]                       EFX_LUT4      0.055             0.675             135       (177,265)
LUT__20429|out                         EFX_LUT4      0.000             0.675               6       (177,265)
n9678                                  net           0.267             0.942               6       (177,265)
   Routing elements:
      Manhattan distance of X:2, Y:5
LUT__20432|in[1]                       EFX_LUT4      0.054             0.996               6       (179,270)
LUT__20432|out                         EFX_LUT4      0.000             0.996               8       (179,270)
n9681                                  net           0.268             1.264               8       (179,270)
   Routing elements:
      Manhattan distance of X:3, Y:1
LUT__20433|in[0]                       EFX_LUT4      0.054             1.318               8       (182,271)
LUT__20433|out                         EFX_LUT4      0.000             1.318              49       (182,271)
n9682                                  net           1.306             2.624              49       (182,271)
   Routing elements:
      Manhattan distance of X:8, Y:8
LUT__20892|in[3]                       EFX_LUT4      0.054             2.678              49       (190,263)
LUT__20892|out                         EFX_LUT4      0.000             2.678               2       (190,263)
n10086                                 net           0.416             3.094               2       (190,263)
   Routing elements:
      Manhattan distance of X:11, Y:6
LUT__20895|in[2]                       EFX_LUT4      0.054             3.148               2       (179,269)
LUT__20895|out                         EFX_LUT4      0.000             3.148               2       (179,269)
n10089                                 net           0.421             3.569               2       (179,269)
   Routing elements:
      Manhattan distance of X:2, Y:12
LUT__20896|in[0]                       EFX_LUT4      0.054             3.623               2       (181,281)
LUT__20896|out                         EFX_LUT4      0.000             3.623               2       (181,281)
n10090                                 net           0.388             4.011               2       (181,281)
   Routing elements:
      Manhattan distance of X:7, Y:3
LUT__20897|in[2]                       EFX_LUT4      0.054             4.065               2       (188,284)
LUT__20897|out                         EFX_LUT4      0.000             4.065               2       (188,284)
u_camera/u_init_rom/official_data[3]   net           0.000             4.065               2       (188,284)
u_camera/txn_write_data[3]~FF|D        EFX_FF        0.003             4.068               2       (188,284)

Capture Clock Path
              name                 model name   delay (ns)  cumulative delay (ns) pins on net    location
===========================================================================================================
clk_sys                              input        0.000             0.000               0       (109,0)  
clk_sys                              input        0.110             0.110             171       (109,0)  
clk_sys                              net          1.784             1.894             171       (109,0)  
   Routing elements:
      Manhattan distance of X:79, Y:284
u_camera/txn_write_data[3]~FF|CLK    EFX_FF       0.000             1.894             171       (188,284)

################################################################################
Path Detail Report (clk_display_feedback_24m vs clk_display_feedback_24m)
################################################################################


++++ Path 1 ++++++++++++++++++++++++++++++++++++++++++++++++++++++++++++++++++++

Path Begin    : u_feedback_reset/sync_pipe[1]~FF|CLK 
Path End      : feedback_reset_n~FF|D                
Launch Clock  : clk_display_feedback_24m (RISE)      
Capture Clock : clk_display_feedback_24m (RISE)      
Slack         : 41.267 (required time - arrival time)
Delay         : 0.174                                

Logic Level             : 0
Non-global nets on path : 1
Global nets on path     : 0

Launch Clock Path Delay        : 1.837
+ Clock To Q + Data Path Delay : 0.290
--------------------------------------
End-of-path arrival time       : 2.127

Constraint                     : 41.667
+ Capture Clock Path Delay     :  1.837
- Clock Uncertainty            :  0.110
---------------------------------------
End-of-path required time      : 43.394

Launch Clock Path
                name                  model name   delay (ns)  cumulative delay (ns) pins on net    location
==============================================================================================================
display_feedback_24m                    input        0.000             0.000              0        (0,162)  
display_feedback_24m                    input        0.110             0.110              5        (0,162)  
display_feedback_24m                    net          1.727             1.837              5        (0,162)  
   Routing elements:
      Manhattan distance of X:122, Y:157
u_feedback_reset/sync_pipe[1]~FF|CLK    EFX_FF       0.000             1.837              5        (122,319)

Data Path
               name                 model name   delay (ns)  cumulative delay (ns) pins on net    location
============================================================================================================
u_feedback_reset/sync_pipe[1]~FF|Q    EFX_FF       0.113             0.113              2        (122,319)
u_feedback_reset/sync_pipe[1]         net          0.174             0.287              2        (122,319)
   Routing elements:
      Manhattan distance of X:0, Y:1
feedback_reset_n~FF|D                 EFX_FF       0.003             0.290              2        (122,320)

Capture Clock Path
         name            model name   delay (ns)  cumulative delay (ns) pins on net    location
=================================================================================================
display_feedback_24m       input        0.000             0.000              0        (0,162)  
display_feedback_24m       input        0.110             0.110              5        (0,162)  
display_feedback_24m       net          1.727             1.837              5        (0,162)  
   Routing elements:
      Manhattan distance of X:122, Y:158
feedback_reset_n~FF|CLK    EFX_FF       0.000             1.837              5        (122,320)

++++ Path 2 ++++++++++++++++++++++++++++++++++++++++++++++++++++++++++++++++++++

Path Begin    : u_feedback_reset/sync_pipe[0]~FF|CLK 
Path End      : u_feedback_reset/sync_pipe[1]~FF|D   
Launch Clock  : clk_display_feedback_24m (RISE)      
Capture Clock : clk_display_feedback_24m (RISE)      
Slack         : 41.275 (required time - arrival time)
Delay         : 0.166                                

Logic Level             : 0
Non-global nets on path : 1
Global nets on path     : 0

Launch Clock Path Delay        : 1.837
+ Clock To Q + Data Path Delay : 0.282
--------------------------------------
End-of-path arrival time       : 2.119

Constraint                     : 41.667
+ Capture Clock Path Delay     :  1.837
- Clock Uncertainty            :  0.110
---------------------------------------
End-of-path required time      : 43.394

Launch Clock Path
                name                  model name   delay (ns)  cumulative delay (ns) pins on net    location
==============================================================================================================
display_feedback_24m                    input        0.000             0.000              0        (0,162)  
display_feedback_24m                    input        0.110             0.110              5        (0,162)  
display_feedback_24m                    net          1.727             1.837              5        (0,162)  
   Routing elements:
      Manhattan distance of X:122, Y:156
u_feedback_reset/sync_pipe[0]~FF|CLK    EFX_FF       0.000             1.837              5        (122,318)

Data Path
               name                 model name   delay (ns)  cumulative delay (ns) pins on net    location
============================================================================================================
u_feedback_reset/sync_pipe[0]~FF|Q    EFX_FF       0.113             0.113              2        (122,318)
u_feedback_reset/sync_pipe[0]         net          0.166             0.279              2        (122,318)
   Routing elements:
      Manhattan distance of X:0, Y:1
u_feedback_reset/sync_pipe[1]~FF|D    EFX_FF       0.003             0.282              2        (122,319)

Capture Clock Path
                name                  model name   delay (ns)  cumulative delay (ns) pins on net    location
==============================================================================================================
display_feedback_24m                    input        0.000             0.000              0        (0,162)  
display_feedback_24m                    input        0.110             0.110              5        (0,162)  
display_feedback_24m                    net          1.727             1.837              5        (0,162)  
   Routing elements:
      Manhattan distance of X:122, Y:157
u_feedback_reset/sync_pipe[1]~FF|CLK    EFX_FF       0.000             1.837              5        (122,319)

################################################################################
Path Detail Report (clk_pixel_25p2m vs clk_pixel_25p2m)
################################################################################


++++ Path 1 ++++++++++++++++++++++++++++++++++++++++++++++++++++++++++++++++++++

Path Begin    : u_framebuffer/u_f0_l0/g_native_blocks.rd_block_d[2]~FF|CLK
Path End      : u_tmds_green/disparity[5]~FF_rt_13|D                      
Launch Clock  : clk_pixel_25p2m (RISE)                                    
Capture Clock : clk_pixel_25p2m (RISE)                                    
Slack         : 31.054 (required time - arrival time)                     
Delay         : 8.403                                                     

Logic Level             : 15
Non-global nets on path : 16
Global nets on path     :  0

Launch Clock Path Delay        :  1.829
+ Clock To Q + Data Path Delay :  8.519
---------------------------------------
End-of-path arrival time       : 10.348

Constraint                     : 39.683
+ Capture Clock Path Delay     :  1.829
- Clock Uncertainty            :  0.110
---------------------------------------
End-of-path required time      : 41.402

Launch Clock Path
                           name                             model name   delay (ns)  cumulative delay (ns) pins on net    location
====================================================================================================================================
clk_pixel                                                     input        0.000             0.000               0        (0,159) 
clk_pixel                                                     input        0.110             0.110             434        (0,159) 
clk_pixel                                                     net          1.719             1.829             434        (0,159) 
   Routing elements:
      Manhattan distance of X:94, Y:115
u_framebuffer/u_f0_l0/g_native_blocks.rd_block_d[2]~FF|CLK    EFX_FF       0.000             1.829             434        (94,274)

Data Path
                          name                            model name   delay (ns)  cumulative delay (ns) pins on net    location
==================================================================================================================================
u_framebuffer/u_f0_l0/g_native_blocks.rd_block_d[2]~FF|Q   EFX_FF        0.113             0.113              37       (94,274) 
u_framebuffer/u_f0_l0/g_native_blocks.rd_block_d[2]        net           1.277             1.390              37       (94,274) 
   Routing elements:
      Manhattan distance of X:57, Y:174
LUT__21957|in[0]                                           EFX_LUT4      0.054             1.444              37       (151,100)
LUT__21957|out                                             EFX_LUT4      0.000             1.444             315       (151,100)
n10874                                                     net           1.740             3.184             315       (151,100)
   Routing elements:
      Manhattan distance of X:30, Y:194
LUT__24591|in[1]                                           EFX_LUT4      0.054             3.238             315       (181,294)
LUT__24591|out                                             EFX_LUT4      0.000             3.238               2       (181,294)
n13489                                                     net           0.540             3.778               2       (181,294)
   Routing elements:
      Manhattan distance of X:18, Y:8
LUT__24592|in[3]                                           EFX_LUT4      0.054             3.832               2       (163,286)
LUT__24592|out                                             EFX_LUT4      0.000             3.832               2       (163,286)
n13490                                                     net           0.531             4.363               2       (163,286)
   Routing elements:
      Manhattan distance of X:3, Y:80
LUT__24593|in[1]                                           EFX_LUT4      0.054             4.417               2       (160,206)
LUT__24593|out                                             EFX_LUT4      0.000             4.417               2       (160,206)
n13491                                                     net           0.508             4.925               2       (160,206)
   Routing elements:
      Manhattan distance of X:77, Y:0
LUT__24646|in[3]                                           EFX_LUT4      0.054             4.979               2       (83,206) 
LUT__24646|out                                             EFX_LUT4      0.000             4.979               3       (83,206) 
n13544                                                     net           0.665             5.644               3       (83,206) 
   Routing elements:
      Manhattan distance of X:5, Y:71
LUT__24800|in[2]                                           EFX_LUT4      0.055             5.699               3       (78,277) 
LUT__24800|out                                             EFX_LUT4      0.000             5.699              13       (78,277) 
n13698                                                     net           0.518             6.217              13       (78,277) 
   Routing elements:
      Manhattan distance of X:2, Y:17
LUT__24833|in[1]                                           EFX_LUT4      0.054             6.271              13       (76,294) 
LUT__24833|out                                             EFX_LUT4      0.000             6.271               2       (76,294) 
n13729                                                     net           0.174             6.445               2       (76,294) 
   Routing elements:
      Manhattan distance of X:0, Y:1
LUT__24835|in[1]                                           EFX_LUT4      0.054             6.499               2       (76,295) 
LUT__24835|out                                             EFX_LUT4      0.000             6.499               2       (76,295) 
n13731                                                     net           0.368             6.867               2       (76,295) 
   Routing elements:
      Manhattan distance of X:0, Y:6
LUT__24838|in[0]                                           EFX_LUT4      0.054             6.921               2       (76,301) 
LUT__24838|out                                             EFX_LUT4      0.000             6.921               3       (76,301) 
n13734                                                     net           0.364             7.285               3       (76,301) 
   Routing elements:
      Manhattan distance of X:6, Y:5
LUT__26597|in[1]                                           EFX_LUT4      0.054             7.339               3       (82,306) 
LUT__26597|out                                             EFX_LUT4      0.000             7.339               6       (82,306) 
u_tmds_green/n583                                          net           0.300             7.639               6       (82,306) 
   Routing elements:
      Manhattan distance of X:3, Y:4
LUT__26599|in[1]                                           EFX_LUT4      0.054             7.693               6       (79,302) 
LUT__26599|out                                             EFX_LUT4      0.000             7.693               3       (79,302) 
u_tmds_green/n394                                          net           0.381             8.074               3       (79,302) 
   Routing elements:
      Manhattan distance of X:1, Y:2
u_tmds_green/sub_70/add_2/i3|I1                            EFX_ADD       0.050             8.124               3       (80,304) 
u_tmds_green/sub_70/add_2/i3|CO                            EFX_ADD       0.000             8.124               2       (80,304) 
u_tmds_green/sub_70/add_2/n6                               net           0.000             8.124               2       (80,304) 
   Routing elements:
      Manhattan distance of X:0, Y:1
u_tmds_green/sub_70/add_2/i4|CI                            EFX_ADD       0.084             8.208               2       (80,305) 
u_tmds_green/sub_70/add_2/i4|O                             EFX_ADD       0.000             8.208               2       (80,305) 
u_tmds_green/n187                                          net           0.204             8.412               2       (80,305) 
   Routing elements:
      Manhattan distance of X:5, Y:0
u_tmds_green/add_72/i5|I0                                  EFX_ADD       0.020             8.432               2       (75,305) 
u_tmds_green/add_72/i5|CO                                  EFX_ADD       0.000             8.432               2       (75,305) 
u_tmds_green/add_72/n10                                    net           0.000             8.432               2       (75,305) 
   Routing elements:
      Manhattan distance of X:0, Y:1
u_tmds_green/add_72/i6|CI                                  EFX_ADD       0.084             8.516               2       (75,306) 
u_tmds_green/add_72/i6|O                                   EFX_ADD       0.000             8.516               2       (75,306) 
u_tmds_green/n196                                          net           0.000             8.516               2       (75,306) 
u_tmds_green/disparity[5]~FF_rt_13|D                       EFX_FF        0.003             8.519               2       (75,306) 

Capture Clock Path
                 name                   model name   delay (ns)  cumulative delay (ns) pins on net    location
================================================================================================================
clk_pixel                                 input        0.000             0.000               0        (0,159) 
clk_pixel                                 input        0.110             0.110             434        (0,159) 
clk_pixel                                 net          1.719             1.829             434        (0,159) 
   Routing elements:
      Manhattan distance of X:75, Y:147
u_tmds_green/disparity[5]~FF_rt_13|CLK    EFX_FF       0.000             1.829             434        (75,306)

++++ Path 2 ++++++++++++++++++++++++++++++++++++++++++++++++++++++++++++++++++++

Path Begin    : u_framebuffer/u_f0_l0/g_native_blocks.rd_block_d[2]~FF|CLK
Path End      : u_tmds_green/disparity[5]~FF_rt_13|D                      
Launch Clock  : clk_pixel_25p2m (RISE)                                    
Capture Clock : clk_pixel_25p2m (RISE)                                    
Slack         : 31.082 (required time - arrival time)                     
Delay         : 8.375                                                     

Logic Level             : 15
Non-global nets on path : 16
Global nets on path     :  0

Launch Clock Path Delay        :  1.829
+ Clock To Q + Data Path Delay :  8.491
---------------------------------------
End-of-path arrival time       : 10.320

Constraint                     : 39.683
+ Capture Clock Path Delay     :  1.829
- Clock Uncertainty            :  0.110
---------------------------------------
End-of-path required time      : 41.402

Launch Clock Path
                           name                             model name   delay (ns)  cumulative delay (ns) pins on net    location
====================================================================================================================================
clk_pixel                                                     input        0.000             0.000               0        (0,159) 
clk_pixel                                                     input        0.110             0.110             434        (0,159) 
clk_pixel                                                     net          1.719             1.829             434        (0,159) 
   Routing elements:
      Manhattan distance of X:94, Y:115
u_framebuffer/u_f0_l0/g_native_blocks.rd_block_d[2]~FF|CLK    EFX_FF       0.000             1.829             434        (94,274)

Data Path
                          name                            model name   delay (ns)  cumulative delay (ns) pins on net    location
==================================================================================================================================
u_framebuffer/u_f0_l0/g_native_blocks.rd_block_d[2]~FF|Q   EFX_FF        0.113             0.113              37       (94,274) 
u_framebuffer/u_f0_l0/g_native_blocks.rd_block_d[2]        net           1.277             1.390              37       (94,274) 
   Routing elements:
      Manhattan distance of X:57, Y:174
LUT__21957|in[0]                                           EFX_LUT4      0.054             1.444              37       (151,100)
LUT__21957|out                                             EFX_LUT4      0.000             1.444             315       (151,100)
n10874                                                     net           1.740             3.184             315       (151,100)
   Routing elements:
      Manhattan distance of X:30, Y:194
LUT__24591|in[1]                                           EFX_LUT4      0.054             3.238             315       (181,294)
LUT__24591|out                                             EFX_LUT4      0.000             3.238               2       (181,294)
n13489                                                     net           0.540             3.778               2       (181,294)
   Routing elements:
      Manhattan distance of X:18, Y:8
LUT__24592|in[3]                                           EFX_LUT4      0.054             3.832               2       (163,286)
LUT__24592|out                                             EFX_LUT4      0.000             3.832               2       (163,286)
n13490                                                     net           0.531             4.363               2       (163,286)
   Routing elements:
      Manhattan distance of X:3, Y:80
LUT__24593|in[1]                                           EFX_LUT4      0.054             4.417               2       (160,206)
LUT__24593|out                                             EFX_LUT4      0.000             4.417               2       (160,206)
n13491                                                     net           0.508             4.925               2       (160,206)
   Routing elements:
      Manhattan distance of X:77, Y:0
LUT__24646|in[3]                                           EFX_LUT4      0.054             4.979               2       (83,206) 
LUT__24646|out                                             EFX_LUT4      0.000             4.979               3       (83,206) 
n13544                                                     net           0.665             5.644               3       (83,206) 
   Routing elements:
      Manhattan distance of X:5, Y:71
LUT__24800|in[2]                                           EFX_LUT4      0.055             5.699               3       (78,277) 
LUT__24800|out                                             EFX_LUT4      0.000             5.699              13       (78,277) 
n13698                                                     net           0.518             6.217              13       (78,277) 
   Routing elements:
      Manhattan distance of X:2, Y:17
LUT__24833|in[1]                                           EFX_LUT4      0.054             6.271              13       (76,294) 
LUT__24833|out                                             EFX_LUT4      0.000             6.271               2       (76,294) 
n13729                                                     net           0.174             6.445               2       (76,294) 
   Routing elements:
      Manhattan distance of X:0, Y:1
LUT__24835|in[1]                                           EFX_LUT4      0.054             6.499               2       (76,295) 
LUT__24835|out                                             EFX_LUT4      0.000             6.499               2       (76,295) 
n13731                                                     net           0.368             6.867               2       (76,295) 
   Routing elements:
      Manhattan distance of X:0, Y:6
LUT__24838|in[0]                                           EFX_LUT4      0.054             6.921               2       (76,301) 
LUT__24838|out                                             EFX_LUT4      0.000             6.921               3       (76,301) 
n13734                                                     net           0.364             7.285               3       (76,301) 
   Routing elements:
      Manhattan distance of X:6, Y:5
LUT__26597|in[1]                                           EFX_LUT4      0.054             7.339               3       (82,306) 
LUT__26597|out                                             EFX_LUT4      0.000             7.339               6       (82,306) 
u_tmds_green/n583                                          net           0.300             7.639               6       (82,306) 
   Routing elements:
      Manhattan distance of X:3, Y:4
LUT__26599|in[1]                                           EFX_LUT4      0.054             7.693               6       (79,302) 
LUT__26599|out                                             EFX_LUT4      0.000             7.693               3       (79,302) 
u_tmds_green/n394                                          net           0.381             8.074               3       (79,302) 
   Routing elements:
      Manhattan distance of X:1, Y:2
u_tmds_green/sub_70/add_2/i3|I1                            EFX_ADD       0.050             8.124               3       (80,304) 
u_tmds_green/sub_70/add_2/i3|CO                            EFX_ADD       0.000             8.124               2       (80,304) 
u_tmds_green/sub_70/add_2/n6                               net           0.000             8.124               2       (80,304) 
   Routing elements:
      Manhattan distance of X:0, Y:1
u_tmds_green/sub_70/add_2/i4|CI                            EFX_ADD       0.021             8.145               2       (80,305) 
u_tmds_green/sub_70/add_2/i4|CO                            EFX_ADD       0.000             8.145               2       (80,305) 
u_tmds_green/sub_70/add_2/n8                               net           0.000             8.145               2       (80,305) 
   Routing elements:
      Manhattan distance of X:0, Y:1
u_tmds_green/sub_70/add_2/i5|CI                            EFX_ADD       0.084             8.229               2       (80,306) 
u_tmds_green/sub_70/add_2/i5|O                             EFX_ADD       0.000             8.229               2       (80,306) 
u_tmds_green/n186                                          net           0.204             8.433               2       (80,306) 
   Routing elements:
      Manhattan distance of X:5, Y:0
u_tmds_green/add_72/i6|I0                                  EFX_ADD       0.055             8.488               2       (75,306) 
u_tmds_green/add_72/i6|O                                   EFX_ADD       0.000             8.488               2       (75,306) 
u_tmds_green/n196                                          net           0.000             8.488               2       (75,306) 
u_tmds_green/disparity[5]~FF_rt_13|D                       EFX_FF        0.003             8.491               2       (75,306) 

Capture Clock Path
                 name                   model name   delay (ns)  cumulative delay (ns) pins on net    location
================================================================================================================
clk_pixel                                 input        0.000             0.000               0        (0,159) 
clk_pixel                                 input        0.110             0.110             434        (0,159) 
clk_pixel                                 net          1.719             1.829             434        (0,159) 
   Routing elements:
      Manhattan distance of X:75, Y:147
u_tmds_green/disparity[5]~FF_rt_13|CLK    EFX_FF       0.000             1.829             434        (75,306)

++++ Path 3 ++++++++++++++++++++++++++++++++++++++++++++++++++++++++++++++++++++

Path Begin    : u_framebuffer/u_f0_l0/g_native_blocks.rd_block_d[2]~FF|CLK
Path End      : u_tmds_green/disparity[4]~FF_rt_14|D                      
Launch Clock  : clk_pixel_25p2m (RISE)                                    
Capture Clock : clk_pixel_25p2m (RISE)                                    
Slack         : 31.103 (required time - arrival time)                     
Delay         : 8.354                                                     

Logic Level             : 14
Non-global nets on path : 15
Global nets on path     :  0

Launch Clock Path Delay        :  1.829
+ Clock To Q + Data Path Delay :  8.470
---------------------------------------
End-of-path arrival time       : 10.299

Constraint                     : 39.683
+ Capture Clock Path Delay     :  1.829
- Clock Uncertainty            :  0.110
---------------------------------------
End-of-path required time      : 41.402

Launch Clock Path
                           name                             model name   delay (ns)  cumulative delay (ns) pins on net    location
====================================================================================================================================
clk_pixel                                                     input        0.000             0.000               0        (0,159) 
clk_pixel                                                     input        0.110             0.110             434        (0,159) 
clk_pixel                                                     net          1.719             1.829             434        (0,159) 
   Routing elements:
      Manhattan distance of X:94, Y:115
u_framebuffer/u_f0_l0/g_native_blocks.rd_block_d[2]~FF|CLK    EFX_FF       0.000             1.829             434        (94,274)

Data Path
                          name                            model name   delay (ns)  cumulative delay (ns) pins on net    location
==================================================================================================================================
u_framebuffer/u_f0_l0/g_native_blocks.rd_block_d[2]~FF|Q   EFX_FF        0.113             0.113              37       (94,274) 
u_framebuffer/u_f0_l0/g_native_blocks.rd_block_d[2]        net           1.277             1.390              37       (94,274) 
   Routing elements:
      Manhattan distance of X:57, Y:174
LUT__21957|in[0]                                           EFX_LUT4      0.054             1.444              37       (151,100)
LUT__21957|out                                             EFX_LUT4      0.000             1.444             315       (151,100)
n10874                                                     net           1.740             3.184             315       (151,100)
   Routing elements:
      Manhattan distance of X:30, Y:194
LUT__24591|in[1]                                           EFX_LUT4      0.054             3.238             315       (181,294)
LUT__24591|out                                             EFX_LUT4      0.000             3.238               2       (181,294)
n13489                                                     net           0.540             3.778               2       (181,294)
   Routing elements:
      Manhattan distance of X:18, Y:8
LUT__24592|in[3]                                           EFX_LUT4      0.054             3.832               2       (163,286)
LUT__24592|out                                             EFX_LUT4      0.000             3.832               2       (163,286)
n13490                                                     net           0.531             4.363               2       (163,286)
   Routing elements:
      Manhattan distance of X:3, Y:80
LUT__24593|in[1]                                           EFX_LUT4      0.054             4.417               2       (160,206)
LUT__24593|out                                             EFX_LUT4      0.000             4.417               2       (160,206)
n13491                                                     net           0.508             4.925               2       (160,206)
   Routing elements:
      Manhattan distance of X:77, Y:0
LUT__24646|in[3]                                           EFX_LUT4      0.054             4.979               2       (83,206) 
LUT__24646|out                                             EFX_LUT4      0.000             4.979               3       (83,206) 
n13544                                                     net           0.665             5.644               3       (83,206) 
   Routing elements:
      Manhattan distance of X:5, Y:71
LUT__24800|in[2]                                           EFX_LUT4      0.055             5.699               3       (78,277) 
LUT__24800|out                                             EFX_LUT4      0.000             5.699              13       (78,277) 
n13698                                                     net           0.518             6.217              13       (78,277) 
   Routing elements:
      Manhattan distance of X:2, Y:17
LUT__24833|in[1]                                           EFX_LUT4      0.054             6.271              13       (76,294) 
LUT__24833|out                                             EFX_LUT4      0.000             6.271               2       (76,294) 
n13729                                                     net           0.174             6.445               2       (76,294) 
   Routing elements:
      Manhattan distance of X:0, Y:1
LUT__24835|in[1]                                           EFX_LUT4      0.054             6.499               2       (76,295) 
LUT__24835|out                                             EFX_LUT4      0.000             6.499               2       (76,295) 
n13731                                                     net           0.368             6.867               2       (76,295) 
   Routing elements:
      Manhattan distance of X:0, Y:6
LUT__24838|in[0]                                           EFX_LUT4      0.054             6.921               2       (76,301) 
LUT__24838|out                                             EFX_LUT4      0.000             6.921               3       (76,301) 
n13734                                                     net           0.364             7.285               3       (76,301) 
   Routing elements:
      Manhattan distance of X:6, Y:5
LUT__26597|in[1]                                           EFX_LUT4      0.054             7.339               3       (82,306) 
LUT__26597|out                                             EFX_LUT4      0.000             7.339               6       (82,306) 
u_tmds_green/n583                                          net           0.300             7.639               6       (82,306) 
   Routing elements:
      Manhattan distance of X:3, Y:4
LUT__26599|in[1]                                           EFX_LUT4      0.054             7.693               6       (79,302) 
LUT__26599|out                                             EFX_LUT4      0.000             7.693               3       (79,302) 
u_tmds_green/n394                                          net           0.381             8.074               3       (79,302) 
   Routing elements:
      Manhattan distance of X:1, Y:2
u_tmds_green/sub_70/add_2/i3|I1                            EFX_ADD       0.050             8.124               3       (80,304) 
u_tmds_green/sub_70/add_2/i3|CO                            EFX_ADD       0.000             8.124               2       (80,304) 
u_tmds_green/sub_70/add_2/n6                               net           0.000             8.124               2       (80,304) 
   Routing elements:
      Manhattan distance of X:0, Y:1
u_tmds_green/sub_70/add_2/i4|CI                            EFX_ADD       0.084             8.208               2       (80,305) 
u_tmds_green/sub_70/add_2/i4|O                             EFX_ADD       0.000             8.208               2       (80,305) 
u_tmds_green/n187                                          net           0.204             8.412               2       (80,305) 
   Routing elements:
      Manhattan distance of X:5, Y:0
u_tmds_green/add_72/i5|I0                                  EFX_ADD       0.055             8.467               2       (75,305) 
u_tmds_green/add_72/i5|O                                   EFX_ADD       0.000             8.467               2       (75,305) 
u_tmds_green/n197                                          net           0.000             8.467               2       (75,305) 
u_tmds_green/disparity[4]~FF_rt_14|D                       EFX_FF        0.003             8.470               2       (75,305) 

Capture Clock Path
                 name                   model name   delay (ns)  cumulative delay (ns) pins on net    location
================================================================================================================
clk_pixel                                 input        0.000             0.000               0        (0,159) 
clk_pixel                                 input        0.110             0.110             434        (0,159) 
clk_pixel                                 net          1.719             1.829             434        (0,159) 
   Routing elements:
      Manhattan distance of X:75, Y:146
u_tmds_green/disparity[4]~FF_rt_14|CLK    EFX_FF       0.000             1.829             434        (75,305)

++++ Path 4 ++++++++++++++++++++++++++++++++++++++++++++++++++++++++++++++++++++

Path Begin    : u_framebuffer/u_f0_l0/g_native_blocks.rd_block_d[2]~FF|CLK
Path End      : u_tmds_green/disparity[5]~FF_rt_13|D                      
Launch Clock  : clk_pixel_25p2m (RISE)                                    
Capture Clock : clk_pixel_25p2m (RISE)                                    
Slack         : 31.112 (required time - arrival time)                     
Delay         : 8.345                                                     

Logic Level             : 15
Non-global nets on path : 16
Global nets on path     :  0

Launch Clock Path Delay        :  1.829
+ Clock To Q + Data Path Delay :  8.461
---------------------------------------
End-of-path arrival time       : 10.290

Constraint                     : 39.683
+ Capture Clock Path Delay     :  1.829
- Clock Uncertainty            :  0.110
---------------------------------------
End-of-path required time      : 41.402

Launch Clock Path
                           name                             model name   delay (ns)  cumulative delay (ns) pins on net    location
====================================================================================================================================
clk_pixel                                                     input        0.000             0.000               0        (0,159) 
clk_pixel                                                     input        0.110             0.110             434        (0,159) 
clk_pixel                                                     net          1.719             1.829             434        (0,159) 
   Routing elements:
      Manhattan distance of X:94, Y:115
u_framebuffer/u_f0_l0/g_native_blocks.rd_block_d[2]~FF|CLK    EFX_FF       0.000             1.829             434        (94,274)

Data Path
                          name                            model name   delay (ns)  cumulative delay (ns) pins on net    location
==================================================================================================================================
u_framebuffer/u_f0_l0/g_native_blocks.rd_block_d[2]~FF|Q   EFX_FF        0.113             0.113              37       (94,274) 
u_framebuffer/u_f0_l0/g_native_blocks.rd_block_d[2]        net           1.277             1.390              37       (94,274) 
   Routing elements:
      Manhattan distance of X:57, Y:174
LUT__21957|in[0]                                           EFX_LUT4      0.054             1.444              37       (151,100)
LUT__21957|out                                             EFX_LUT4      0.000             1.444             315       (151,100)
n10874                                                     net           1.740             3.184             315       (151,100)
   Routing elements:
      Manhattan distance of X:30, Y:194
LUT__24591|in[1]                                           EFX_LUT4      0.054             3.238             315       (181,294)
LUT__24591|out                                             EFX_LUT4      0.000             3.238               2       (181,294)
n13489                                                     net           0.540             3.778               2       (181,294)
   Routing elements:
      Manhattan distance of X:18, Y:8
LUT__24592|in[3]                                           EFX_LUT4      0.054             3.832               2       (163,286)
LUT__24592|out                                             EFX_LUT4      0.000             3.832               2       (163,286)
n13490                                                     net           0.531             4.363               2       (163,286)
   Routing elements:
      Manhattan distance of X:3, Y:80
LUT__24593|in[1]                                           EFX_LUT4      0.054             4.417               2       (160,206)
LUT__24593|out                                             EFX_LUT4      0.000             4.417               2       (160,206)
n13491                                                     net           0.508             4.925               2       (160,206)
   Routing elements:
      Manhattan distance of X:77, Y:0
LUT__24646|in[3]                                           EFX_LUT4      0.054             4.979               2       (83,206) 
LUT__24646|out                                             EFX_LUT4      0.000             4.979               3       (83,206) 
n13544                                                     net           0.665             5.644               3       (83,206) 
   Routing elements:
      Manhattan distance of X:5, Y:71
LUT__24800|in[2]                                           EFX_LUT4      0.055             5.699               3       (78,277) 
LUT__24800|out                                             EFX_LUT4      0.000             5.699              13       (78,277) 
n13698                                                     net           0.518             6.217              13       (78,277) 
   Routing elements:
      Manhattan distance of X:2, Y:17
LUT__24833|in[1]                                           EFX_LUT4      0.054             6.271              13       (76,294) 
LUT__24833|out                                             EFX_LUT4      0.000             6.271               2       (76,294) 
n13729                                                     net           0.174             6.445               2       (76,294) 
   Routing elements:
      Manhattan distance of X:0, Y:1
LUT__24835|in[1]                                           EFX_LUT4      0.054             6.499               2       (76,295) 
LUT__24835|out                                             EFX_LUT4      0.000             6.499               2       (76,295) 
n13731                                                     net           0.368             6.867               2       (76,295) 
   Routing elements:
      Manhattan distance of X:0, Y:6
LUT__24838|in[0]                                           EFX_LUT4      0.054             6.921               2       (76,301) 
LUT__24838|out                                             EFX_LUT4      0.000             6.921               3       (76,301) 
n13734                                                     net           0.364             7.285               3       (76,301) 
   Routing elements:
      Manhattan distance of X:6, Y:5
LUT__26597|in[1]                                           EFX_LUT4      0.054             7.339               3       (82,306) 
LUT__26597|out                                             EFX_LUT4      0.000             7.339               6       (82,306) 
u_tmds_green/n583                                          net           0.300             7.639               6       (82,306) 
   Routing elements:
      Manhattan distance of X:3, Y:4
LUT__26599|in[1]                                           EFX_LUT4      0.054             7.693               6       (79,302) 
LUT__26599|out                                             EFX_LUT4      0.000             7.693               3       (79,302) 
u_tmds_green/n394                                          net           0.381             8.074               3       (79,302) 
   Routing elements:
      Manhattan distance of X:1, Y:2
u_tmds_green/sub_70/add_2/i3|I1                            EFX_ADD       0.054             8.128               3       (80,304) 
u_tmds_green/sub_70/add_2/i3|O                             EFX_ADD       0.000             8.128               2       (80,304) 
u_tmds_green/n188                                          net           0.204             8.332               2       (80,304) 
   Routing elements:
      Manhattan distance of X:5, Y:0
u_tmds_green/add_72/i4|I0                                  EFX_ADD       0.020             8.352               2       (75,304) 
u_tmds_green/add_72/i4|CO                                  EFX_ADD       0.000             8.352               2       (75,304) 
u_tmds_green/add_72/n8                                     net           0.000             8.352               2       (75,304) 
   Routing elements:
      Manhattan distance of X:0, Y:1
u_tmds_green/add_72/i5|CI                                  EFX_ADD       0.022             8.374               2       (75,305) 
u_tmds_green/add_72/i5|CO                                  EFX_ADD       0.000             8.374               2       (75,305) 
u_tmds_green/add_72/n10                                    net           0.000             8.374               2       (75,305) 
   Routing elements:
      Manhattan distance of X:0, Y:1
u_tmds_green/add_72/i6|CI                                  EFX_ADD       0.084             8.458               2       (75,306) 
u_tmds_green/add_72/i6|O                                   EFX_ADD       0.000             8.458               2       (75,306) 
u_tmds_green/n196                                          net           0.000             8.458               2       (75,306) 
u_tmds_green/disparity[5]~FF_rt_13|D                       EFX_FF        0.003             8.461               2       (75,306) 

Capture Clock Path
                 name                   model name   delay (ns)  cumulative delay (ns) pins on net    location
================================================================================================================
clk_pixel                                 input        0.000             0.000               0        (0,159) 
clk_pixel                                 input        0.110             0.110             434        (0,159) 
clk_pixel                                 net          1.719             1.829             434        (0,159) 
   Routing elements:
      Manhattan distance of X:75, Y:147
u_tmds_green/disparity[5]~FF_rt_13|CLK    EFX_FF       0.000             1.829             434        (75,306)

++++ Path 5 ++++++++++++++++++++++++++++++++++++++++++++++++++++++++++++++++++++

Path Begin    : u_framebuffer/u_f0_l0/g_native_blocks.rd_block_d[2]~FF|CLK
Path End      : u_tmds_green/disparity[4]~FF_rt_14|D                      
Launch Clock  : clk_pixel_25p2m (RISE)                                    
Capture Clock : clk_pixel_25p2m (RISE)                                    
Slack         : 31.134 (required time - arrival time)                     
Delay         : 8.323                                                     

Logic Level             : 14
Non-global nets on path : 15
Global nets on path     :  0

Launch Clock Path Delay        :  1.829
+ Clock To Q + Data Path Delay :  8.439
---------------------------------------
End-of-path arrival time       : 10.268

Constraint                     : 39.683
+ Capture Clock Path Delay     :  1.829
- Clock Uncertainty            :  0.110
---------------------------------------
End-of-path required time      : 41.402

Launch Clock Path
                           name                             model name   delay (ns)  cumulative delay (ns) pins on net    location
====================================================================================================================================
clk_pixel                                                     input        0.000             0.000               0        (0,159) 
clk_pixel                                                     input        0.110             0.110             434        (0,159) 
clk_pixel                                                     net          1.719             1.829             434        (0,159) 
   Routing elements:
      Manhattan distance of X:94, Y:115
u_framebuffer/u_f0_l0/g_native_blocks.rd_block_d[2]~FF|CLK    EFX_FF       0.000             1.829             434        (94,274)

Data Path
                          name                            model name   delay (ns)  cumulative delay (ns) pins on net    location
==================================================================================================================================
u_framebuffer/u_f0_l0/g_native_blocks.rd_block_d[2]~FF|Q   EFX_FF        0.113             0.113              37       (94,274) 
u_framebuffer/u_f0_l0/g_native_blocks.rd_block_d[2]        net           1.277             1.390              37       (94,274) 
   Routing elements:
      Manhattan distance of X:57, Y:174
LUT__21957|in[0]                                           EFX_LUT4      0.054             1.444              37       (151,100)
LUT__21957|out                                             EFX_LUT4      0.000             1.444             315       (151,100)
n10874                                                     net           1.740             3.184             315       (151,100)
   Routing elements:
      Manhattan distance of X:30, Y:194
LUT__24591|in[1]                                           EFX_LUT4      0.054             3.238             315       (181,294)
LUT__24591|out                                             EFX_LUT4      0.000             3.238               2       (181,294)
n13489                                                     net           0.540             3.778               2       (181,294)
   Routing elements:
      Manhattan distance of X:18, Y:8
LUT__24592|in[3]                                           EFX_LUT4      0.054             3.832               2       (163,286)
LUT__24592|out                                             EFX_LUT4      0.000             3.832               2       (163,286)
n13490                                                     net           0.531             4.363               2       (163,286)
   Routing elements:
      Manhattan distance of X:3, Y:80
LUT__24593|in[1]                                           EFX_LUT4      0.054             4.417               2       (160,206)
LUT__24593|out                                             EFX_LUT4      0.000             4.417               2       (160,206)
n13491                                                     net           0.508             4.925               2       (160,206)
   Routing elements:
      Manhattan distance of X:77, Y:0
LUT__24646|in[3]                                           EFX_LUT4      0.054             4.979               2       (83,206) 
LUT__24646|out                                             EFX_LUT4      0.000             4.979               3       (83,206) 
n13544                                                     net           0.665             5.644               3       (83,206) 
   Routing elements:
      Manhattan distance of X:5, Y:71
LUT__24800|in[2]                                           EFX_LUT4      0.055             5.699               3       (78,277) 
LUT__24800|out                                             EFX_LUT4      0.000             5.699              13       (78,277) 
n13698                                                     net           0.518             6.217              13       (78,277) 
   Routing elements:
      Manhattan distance of X:2, Y:17
LUT__24833|in[1]                                           EFX_LUT4      0.054             6.271              13       (76,294) 
LUT__24833|out                                             EFX_LUT4      0.000             6.271               2       (76,294) 
n13729                                                     net           0.174             6.445               2       (76,294) 
   Routing elements:
      Manhattan distance of X:0, Y:1
LUT__24835|in[1]                                           EFX_LUT4      0.054             6.499               2       (76,295) 
LUT__24835|out                                             EFX_LUT4      0.000             6.499               2       (76,295) 
n13731                                                     net           0.368             6.867               2       (76,295) 
   Routing elements:
      Manhattan distance of X:0, Y:6
LUT__24838|in[0]                                           EFX_LUT4      0.054             6.921               2       (76,301) 
LUT__24838|out                                             EFX_LUT4      0.000             6.921               3       (76,301) 
n13734                                                     net           0.364             7.285               3       (76,301) 
   Routing elements:
      Manhattan distance of X:6, Y:5
LUT__26597|in[1]                                           EFX_LUT4      0.054             7.339               3       (82,306) 
LUT__26597|out                                             EFX_LUT4      0.000             7.339               6       (82,306) 
u_tmds_green/n583                                          net           0.300             7.639               6       (82,306) 
   Routing elements:
      Manhattan distance of X:3, Y:4
LUT__26599|in[1]                                           EFX_LUT4      0.054             7.693               6       (79,302) 
LUT__26599|out                                             EFX_LUT4      0.000             7.693               3       (79,302) 
u_tmds_green/n394                                          net           0.381             8.074               3       (79,302) 
   Routing elements:
      Manhattan distance of X:1, Y:2
u_tmds_green/sub_70/add_2/i3|I1                            EFX_ADD       0.054             8.128               3       (80,304) 
u_tmds_green/sub_70/add_2/i3|O                             EFX_ADD       0.000             8.128               2       (80,304) 
u_tmds_green/n188                                          net           0.204             8.332               2       (80,304) 
   Routing elements:
      Manhattan distance of X:5, Y:0
u_tmds_green/add_72/i4|I0                                  EFX_ADD       0.020             8.352               2       (75,304) 
u_tmds_green/add_72/i4|CO                                  EFX_ADD       0.000             8.352               2       (75,304) 
u_tmds_green/add_72/n8                                     net           0.000             8.352               2       (75,304) 
   Routing elements:
      Manhattan distance of X:0, Y:1
u_tmds_green/add_72/i5|CI                                  EFX_ADD       0.084             8.436               2       (75,305) 
u_tmds_green/add_72/i5|O                                   EFX_ADD       0.000             8.436               2       (75,305) 
u_tmds_green/n197                                          net           0.000             8.436               2       (75,305) 
u_tmds_green/disparity[4]~FF_rt_14|D                       EFX_FF        0.003             8.439               2       (75,305) 

Capture Clock Path
                 name                   model name   delay (ns)  cumulative delay (ns) pins on net    location
================================================================================================================
clk_pixel                                 input        0.000             0.000               0        (0,159) 
clk_pixel                                 input        0.110             0.110             434        (0,159) 
clk_pixel                                 net          1.719             1.829             434        (0,159) 
   Routing elements:
      Manhattan distance of X:75, Y:146
u_tmds_green/disparity[4]~FF_rt_14|CLK    EFX_FF       0.000             1.829             434        (75,305)

++++ Path 6 ++++++++++++++++++++++++++++++++++++++++++++++++++++++++++++++++++++

Path Begin    : u_framebuffer/u_f0_l0/g_native_blocks.rd_block_d[2]~FF|CLK
Path End      : u_tmds_green/disparity[5]~FF_rt_13|D                      
Launch Clock  : clk_pixel_25p2m (RISE)                                    
Capture Clock : clk_pixel_25p2m (RISE)                                    
Slack         : 31.145 (required time - arrival time)                     
Delay         : 8.312                                                     

Logic Level             : 14
Non-global nets on path : 15
Global nets on path     :  0

Launch Clock Path Delay        :  1.829
+ Clock To Q + Data Path Delay :  8.428
---------------------------------------
End-of-path arrival time       : 10.257

Constraint                     : 39.683
+ Capture Clock Path Delay     :  1.829
- Clock Uncertainty            :  0.110
---------------------------------------
End-of-path required time      : 41.402

Launch Clock Path
                           name                             model name   delay (ns)  cumulative delay (ns) pins on net    location
====================================================================================================================================
clk_pixel                                                     input        0.000             0.000               0        (0,159) 
clk_pixel                                                     input        0.110             0.110             434        (0,159) 
clk_pixel                                                     net          1.719             1.829             434        (0,159) 
   Routing elements:
      Manhattan distance of X:94, Y:115
u_framebuffer/u_f0_l0/g_native_blocks.rd_block_d[2]~FF|CLK    EFX_FF       0.000             1.829             434        (94,274)

Data Path
                          name                            model name   delay (ns)  cumulative delay (ns) pins on net    location
==================================================================================================================================
u_framebuffer/u_f0_l0/g_native_blocks.rd_block_d[2]~FF|Q   EFX_FF        0.113             0.113              37       (94,274) 
u_framebuffer/u_f0_l0/g_native_blocks.rd_block_d[2]        net           0.899             1.012              37       (94,274) 
   Routing elements:
      Manhattan distance of X:41, Y:19
LUT__21948|in[0]                                           EFX_LUT4      0.055             1.067              37       (135,255)
LUT__21948|out                                             EFX_LUT4      0.000             1.067             314       (135,255)
n10865                                                     net           1.568             2.635             314       (135,255)
   Routing elements:
      Manhattan distance of X:49, Y:136
LUT__24258|in[3]                                           EFX_LUT4      0.054             2.689             314       (184,119)
LUT__24258|out                                             EFX_LUT4      0.000             2.689               2       (184,119)
n13156                                                     net           0.557             3.246               2       (184,119)
   Routing elements:
      Manhattan distance of X:3, Y:22
LUT__24268|in[0]                                           EFX_LUT4      0.054             3.300               2       (181,97) 
LUT__24268|out                                             EFX_LUT4      0.000             3.300               2       (181,97) 
n13166                                                     net           0.803             4.103               2       (181,97) 
   Routing elements:
      Manhattan distance of X:22, Y:82
LUT__24281|in[2]                                           EFX_LUT4      0.055             4.158               2       (159,179)
LUT__24281|out                                             EFX_LUT4      0.000             4.158               2       (159,179)
n13179                                                     net           0.242             4.400               2       (159,179)
   Routing elements:
      Manhattan distance of X:13, Y:0
LUT__24282|in[1]                                           EFX_LUT4      0.054             4.454               2       (146,179)
LUT__24282|out                                             EFX_LUT4      0.000             4.454               3       (146,179)
n13180                                                     net           1.085             5.539               3       (146,179)
   Routing elements:
      Manhattan distance of X:68, Y:101
LUT__24283|in[1]                                           EFX_LUT4      0.055             5.594               3       (78,280) 
LUT__24283|out                                             EFX_LUT4      0.000             5.594              12       (78,280) 
n13181                                                     net           0.760             6.354              12       (78,280) 
   Routing elements:
      Manhattan distance of X:2, Y:15
LUT__24835|in[3]                                           EFX_LUT4      0.054             6.408              12       (76,295) 
LUT__24835|out                                             EFX_LUT4      0.000             6.408               2       (76,295) 
n13731                                                     net           0.368             6.776               2       (76,295) 
   Routing elements:
      Manhattan distance of X:0, Y:6
LUT__24838|in[0]                                           EFX_LUT4      0.054             6.830               2       (76,301) 
LUT__24838|out                                             EFX_LUT4      0.000             6.830               3       (76,301) 
n13734                                                     net           0.364             7.194               3       (76,301) 
   Routing elements:
      Manhattan distance of X:6, Y:5
LUT__26597|in[1]                                           EFX_LUT4      0.054             7.248               3       (82,306) 
LUT__26597|out                                             EFX_LUT4      0.000             7.248               6       (82,306) 
u_tmds_green/n583                                          net           0.300             7.548               6       (82,306) 
   Routing elements:
      Manhattan distance of X:3, Y:4
LUT__26599|in[1]                                           EFX_LUT4      0.054             7.602               6       (79,302) 
LUT__26599|out                                             EFX_LUT4      0.000             7.602               3       (79,302) 
u_tmds_green/n394                                          net           0.381             7.983               3       (79,302) 
   Routing elements:
      Manhattan distance of X:1, Y:2
u_tmds_green/sub_70/add_2/i3|I1                            EFX_ADD       0.050             8.033               3       (80,304) 
u_tmds_green/sub_70/add_2/i3|CO                            EFX_ADD       0.000             8.033               2       (80,304) 
u_tmds_green/sub_70/add_2/n6                               net           0.000             8.033               2       (80,304) 
   Routing elements:
      Manhattan distance of X:0, Y:1
u_tmds_green/sub_70/add_2/i4|CI                            EFX_ADD       0.084             8.117               2       (80,305) 
u_tmds_green/sub_70/add_2/i4|O                             EFX_ADD       0.000             8.117               2       (80,305) 
u_tmds_green/n187                                          net           0.204             8.321               2       (80,305) 
   Routing elements:
      Manhattan distance of X:5, Y:0
u_tmds_green/add_72/i5|I0                                  EFX_ADD       0.020             8.341               2       (75,305) 
u_tmds_green/add_72/i5|CO                                  EFX_ADD       0.000             8.341               2       (75,305) 
u_tmds_green/add_72/n10                                    net           0.000             8.341               2       (75,305) 
   Routing elements:
      Manhattan distance of X:0, Y:1
u_tmds_green/add_72/i6|CI                                  EFX_ADD       0.084             8.425               2       (75,306) 
u_tmds_green/add_72/i6|O                                   EFX_ADD       0.000             8.425               2       (75,306) 
u_tmds_green/n196                                          net           0.000             8.425               2       (75,306) 
u_tmds_green/disparity[5]~FF_rt_13|D                       EFX_FF        0.003             8.428               2       (75,306) 

Capture Clock Path
                 name                   model name   delay (ns)  cumulative delay (ns) pins on net    location
================================================================================================================
clk_pixel                                 input        0.000             0.000               0        (0,159) 
clk_pixel                                 input        0.110             0.110             434        (0,159) 
clk_pixel                                 net          1.719             1.829             434        (0,159) 
   Routing elements:
      Manhattan distance of X:75, Y:147
u_tmds_green/disparity[5]~FF_rt_13|CLK    EFX_FF       0.000             1.829             434        (75,306)

++++ Path 7 ++++++++++++++++++++++++++++++++++++++++++++++++++++++++++++++++++++

Path Begin    : u_framebuffer/u_f0_l0/g_native_blocks.rd_block_d[2]~FF|CLK
Path End      : u_tmds_green/disparity[5]~FF_rt_13|D                      
Launch Clock  : clk_pixel_25p2m (RISE)                                    
Capture Clock : clk_pixel_25p2m (RISE)                                    
Slack         : 31.170 (required time - arrival time)                     
Delay         : 8.287                                                     

Logic Level             : 15
Non-global nets on path : 16
Global nets on path     :  0

Launch Clock Path Delay        :  1.829
+ Clock To Q + Data Path Delay :  8.403
---------------------------------------
End-of-path arrival time       : 10.232

Constraint                     : 39.683
+ Capture Clock Path Delay     :  1.829
- Clock Uncertainty            :  0.110
---------------------------------------
End-of-path required time      : 41.402

Launch Clock Path
                           name                             model name   delay (ns)  cumulative delay (ns) pins on net    location
====================================================================================================================================
clk_pixel                                                     input        0.000             0.000               0        (0,159) 
clk_pixel                                                     input        0.110             0.110             434        (0,159) 
clk_pixel                                                     net          1.719             1.829             434        (0,159) 
   Routing elements:
      Manhattan distance of X:94, Y:115
u_framebuffer/u_f0_l0/g_native_blocks.rd_block_d[2]~FF|CLK    EFX_FF       0.000             1.829             434        (94,274)

Data Path
                          name                            model name   delay (ns)  cumulative delay (ns) pins on net    location
==================================================================================================================================
u_framebuffer/u_f0_l0/g_native_blocks.rd_block_d[2]~FF|Q   EFX_FF        0.113             0.113              37       (94,274) 
u_framebuffer/u_f0_l0/g_native_blocks.rd_block_d[2]        net           0.899             1.012              37       (94,274) 
   Routing elements:
      Manhattan distance of X:41, Y:19
LUT__21948|in[0]                                           EFX_LUT4      0.055             1.067              37       (135,255)
LUT__21948|out                                             EFX_LUT4      0.000             1.067             314       (135,255)
n10865                                                     net           1.481             2.548             314       (135,255)
   Routing elements:
      Manhattan distance of X:50, Y:138
LUT__23632|in[3]                                           EFX_LUT4      0.054             2.602             314       (185,117)
LUT__23632|out                                             EFX_LUT4      0.000             2.602               2       (185,117)
n12530                                                     net           0.456             3.058               2       (185,117)
   Routing elements:
      Manhattan distance of X:6, Y:21
LUT__23636|in[2]                                           EFX_LUT4      0.054             3.112               2       (191,96) 
LUT__23636|out                                             EFX_LUT4      0.000             3.112               2       (191,96) 
n12534                                                     net           0.952             4.064               2       (191,96) 
   Routing elements:
      Manhattan distance of X:34, Y:118
LUT__23649|in[0]                                           EFX_LUT4      0.054             4.118               2       (157,214)
LUT__23649|out                                             EFX_LUT4      0.000             4.118               2       (157,214)
n12547                                                     net           0.601             4.719               2       (157,214)
   Routing elements:
      Manhattan distance of X:65, Y:0
LUT__23727|in[2]                                           EFX_LUT4      0.054             4.773               2       (92,214) 
LUT__23727|out                                             EFX_LUT4      0.000             4.773               2       (92,214) 
n12625                                                     net           0.555             5.328               2       (92,214) 
   Routing elements:
      Manhattan distance of X:13, Y:55
LUT__23774|in[0]                                           EFX_LUT4      0.054             5.382               2       (79,269) 
LUT__23774|out                                             EFX_LUT4      0.000             5.382              17       (79,269) 
n12672                                                     net           0.719             6.101              17       (79,269) 
   Routing elements:
      Manhattan distance of X:3, Y:25
LUT__24833|in[2]                                           EFX_LUT4      0.054             6.155              17       (76,294) 
LUT__24833|out                                             EFX_LUT4      0.000             6.155               2       (76,294) 
n13729                                                     net           0.174             6.329               2       (76,294) 
   Routing elements:
      Manhattan distance of X:0, Y:1
LUT__24835|in[1]                                           EFX_LUT4      0.054             6.383               2       (76,295) 
LUT__24835|out                                             EFX_LUT4      0.000             6.383               2       (76,295) 
n13731                                                     net           0.368             6.751               2       (76,295) 
   Routing elements:
      Manhattan distance of X:0, Y:6
LUT__24838|in[0]                                           EFX_LUT4      0.054             6.805               2       (76,301) 
LUT__24838|out                                             EFX_LUT4      0.000             6.805               3       (76,301) 
n13734                                                     net           0.364             7.169               3       (76,301) 
   Routing elements:
      Manhattan distance of X:6, Y:5
LUT__26597|in[1]                                           EFX_LUT4      0.054             7.223               3       (82,306) 
LUT__26597|out                                             EFX_LUT4      0.000             7.223               6       (82,306) 
u_tmds_green/n583                                          net           0.300             7.523               6       (82,306) 
   Routing elements:
      Manhattan distance of X:3, Y:4
LUT__26599|in[1]                                           EFX_LUT4      0.054             7.577               6       (79,302) 
LUT__26599|out                                             EFX_LUT4      0.000             7.577               3       (79,302) 
u_tmds_green/n394                                          net           0.381             7.958               3       (79,302) 
   Routing elements:
      Manhattan distance of X:1, Y:2
u_tmds_green/sub_70/add_2/i3|I1                            EFX_ADD       0.050             8.008               3       (80,304) 
u_tmds_green/sub_70/add_2/i3|CO                            EFX_ADD       0.000             8.008               2       (80,304) 
u_tmds_green/sub_70/add_2/n6                               net           0.000             8.008               2       (80,304) 
   Routing elements:
      Manhattan distance of X:0, Y:1
u_tmds_green/sub_70/add_2/i4|CI                            EFX_ADD       0.084             8.092               2       (80,305) 
u_tmds_green/sub_70/add_2/i4|O                             EFX_ADD       0.000             8.092               2       (80,305) 
u_tmds_green/n187                                          net           0.204             8.296               2       (80,305) 
   Routing elements:
      Manhattan distance of X:5, Y:0
u_tmds_green/add_72/i5|I0                                  EFX_ADD       0.020             8.316               2       (75,305) 
u_tmds_green/add_72/i5|CO                                  EFX_ADD       0.000             8.316               2       (75,305) 
u_tmds_green/add_72/n10                                    net           0.000             8.316               2       (75,305) 
   Routing elements:
      Manhattan distance of X:0, Y:1
u_tmds_green/add_72/i6|CI                                  EFX_ADD       0.084             8.400               2       (75,306) 
u_tmds_green/add_72/i6|O                                   EFX_ADD       0.000             8.400               2       (75,306) 
u_tmds_green/n196                                          net           0.000             8.400               2       (75,306) 
u_tmds_green/disparity[5]~FF_rt_13|D                       EFX_FF        0.003             8.403               2       (75,306) 

Capture Clock Path
                 name                   model name   delay (ns)  cumulative delay (ns) pins on net    location
================================================================================================================
clk_pixel                                 input        0.000             0.000               0        (0,159) 
clk_pixel                                 input        0.110             0.110             434        (0,159) 
clk_pixel                                 net          1.719             1.829             434        (0,159) 
   Routing elements:
      Manhattan distance of X:75, Y:147
u_tmds_green/disparity[5]~FF_rt_13|CLK    EFX_FF       0.000             1.829             434        (75,306)

++++ Path 8 ++++++++++++++++++++++++++++++++++++++++++++++++++++++++++++++++++++

Path Begin    : u_framebuffer/u_f0_l0/g_native_blocks.rd_block_d[2]~FF|CLK
Path End      : u_tmds_green/disparity[5]~FF_rt_13|D                      
Launch Clock  : clk_pixel_25p2m (RISE)                                    
Capture Clock : clk_pixel_25p2m (RISE)                                    
Slack         : 31.173 (required time - arrival time)                     
Delay         : 8.284                                                     

Logic Level             : 14
Non-global nets on path : 15
Global nets on path     :  0

Launch Clock Path Delay        :  1.829
+ Clock To Q + Data Path Delay :  8.400
---------------------------------------
End-of-path arrival time       : 10.229

Constraint                     : 39.683
+ Capture Clock Path Delay     :  1.829
- Clock Uncertainty            :  0.110
---------------------------------------
End-of-path required time      : 41.402

Launch Clock Path
                           name                             model name   delay (ns)  cumulative delay (ns) pins on net    location
====================================================================================================================================
clk_pixel                                                     input        0.000             0.000               0        (0,159) 
clk_pixel                                                     input        0.110             0.110             434        (0,159) 
clk_pixel                                                     net          1.719             1.829             434        (0,159) 
   Routing elements:
      Manhattan distance of X:94, Y:115
u_framebuffer/u_f0_l0/g_native_blocks.rd_block_d[2]~FF|CLK    EFX_FF       0.000             1.829             434        (94,274)

Data Path
                          name                            model name   delay (ns)  cumulative delay (ns) pins on net    location
==================================================================================================================================
u_framebuffer/u_f0_l0/g_native_blocks.rd_block_d[2]~FF|Q   EFX_FF        0.113             0.113              37       (94,274) 
u_framebuffer/u_f0_l0/g_native_blocks.rd_block_d[2]        net           0.899             1.012              37       (94,274) 
   Routing elements:
      Manhattan distance of X:41, Y:19
LUT__21948|in[0]                                           EFX_LUT4      0.055             1.067              37       (135,255)
LUT__21948|out                                             EFX_LUT4      0.000             1.067             314       (135,255)
n10865                                                     net           1.568             2.635             314       (135,255)
   Routing elements:
      Manhattan distance of X:49, Y:136
LUT__24258|in[3]                                           EFX_LUT4      0.054             2.689             314       (184,119)
LUT__24258|out                                             EFX_LUT4      0.000             2.689               2       (184,119)
n13156                                                     net           0.557             3.246               2       (184,119)
   Routing elements:
      Manhattan distance of X:3, Y:22
LUT__24268|in[0]                                           EFX_LUT4      0.054             3.300               2       (181,97) 
LUT__24268|out                                             EFX_LUT4      0.000             3.300               2       (181,97) 
n13166                                                     net           0.803             4.103               2       (181,97) 
   Routing elements:
      Manhattan distance of X:22, Y:82
LUT__24281|in[2]                                           EFX_LUT4      0.055             4.158               2       (159,179)
LUT__24281|out                                             EFX_LUT4      0.000             4.158               2       (159,179)
n13179                                                     net           0.242             4.400               2       (159,179)
   Routing elements:
      Manhattan distance of X:13, Y:0
LUT__24282|in[1]                                           EFX_LUT4      0.054             4.454               2       (146,179)
LUT__24282|out                                             EFX_LUT4      0.000             4.454               3       (146,179)
n13180                                                     net           1.085             5.539               3       (146,179)
   Routing elements:
      Manhattan distance of X:68, Y:101
LUT__24283|in[1]                                           EFX_LUT4      0.055             5.594               3       (78,280) 
LUT__24283|out                                             EFX_LUT4      0.000             5.594              12       (78,280) 
n13181                                                     net           0.760             6.354              12       (78,280) 
   Routing elements:
      Manhattan distance of X:2, Y:15
LUT__24835|in[3]                                           EFX_LUT4      0.054             6.408              12       (76,295) 
LUT__24835|out                                             EFX_LUT4      0.000             6.408               2       (76,295) 
n13731                                                     net           0.368             6.776               2       (76,295) 
   Routing elements:
      Manhattan distance of X:0, Y:6
LUT__24838|in[0]                                           EFX_LUT4      0.054             6.830               2       (76,301) 
LUT__24838|out                                             EFX_LUT4      0.000             6.830               3       (76,301) 
n13734                                                     net           0.364             7.194               3       (76,301) 
   Routing elements:
      Manhattan distance of X:6, Y:5
LUT__26597|in[1]                                           EFX_LUT4      0.054             7.248               3       (82,306) 
LUT__26597|out                                             EFX_LUT4      0.000             7.248               6       (82,306) 
u_tmds_green/n583                                          net           0.300             7.548               6       (82,306) 
   Routing elements:
      Manhattan distance of X:3, Y:4
LUT__26599|in[1]                                           EFX_LUT4      0.054             7.602               6       (79,302) 
LUT__26599|out                                             EFX_LUT4      0.000             7.602               3       (79,302) 
u_tmds_green/n394                                          net           0.381             7.983               3       (79,302) 
   Routing elements:
      Manhattan distance of X:1, Y:2
u_tmds_green/sub_70/add_2/i3|I1                            EFX_ADD       0.050             8.033               3       (80,304) 
u_tmds_green/sub_70/add_2/i3|CO                            EFX_ADD       0.000             8.033               2       (80,304) 
u_tmds_green/sub_70/add_2/n6                               net           0.000             8.033               2       (80,304) 
   Routing elements:
      Manhattan distance of X:0, Y:1
u_tmds_green/sub_70/add_2/i4|CI                            EFX_ADD       0.021             8.054               2       (80,305) 
u_tmds_green/sub_70/add_2/i4|CO                            EFX_ADD       0.000             8.054               2       (80,305) 
u_tmds_green/sub_70/add_2/n8                               net           0.000             8.054               2       (80,305) 
   Routing elements:
      Manhattan distance of X:0, Y:1
u_tmds_green/sub_70/add_2/i5|CI                            EFX_ADD       0.084             8.138               2       (80,306) 
u_tmds_green/sub_70/add_2/i5|O                             EFX_ADD       0.000             8.138               2       (80,306) 
u_tmds_green/n186                                          net           0.204             8.342               2       (80,306) 
   Routing elements:
      Manhattan distance of X:5, Y:0
u_tmds_green/add_72/i6|I0                                  EFX_ADD       0.055             8.397               2       (75,306) 
u_tmds_green/add_72/i6|O                                   EFX_ADD       0.000             8.397               2       (75,306) 
u_tmds_green/n196                                          net           0.000             8.397               2       (75,306) 
u_tmds_green/disparity[5]~FF_rt_13|D                       EFX_FF        0.003             8.400               2       (75,306) 

Capture Clock Path
                 name                   model name   delay (ns)  cumulative delay (ns) pins on net    location
================================================================================================================
clk_pixel                                 input        0.000             0.000               0        (0,159) 
clk_pixel                                 input        0.110             0.110             434        (0,159) 
clk_pixel                                 net          1.719             1.829             434        (0,159) 
   Routing elements:
      Manhattan distance of X:75, Y:147
u_tmds_green/disparity[5]~FF_rt_13|CLK    EFX_FF       0.000             1.829             434        (75,306)

++++ Path 9 ++++++++++++++++++++++++++++++++++++++++++++++++++++++++++++++++++++

Path Begin    : u_framebuffer/u_f0_l0/g_native_blocks.rd_block_d[2]~FF|CLK
Path End      : u_tmds_green/disparity[5]~FF_rt_7|D                       
Launch Clock  : clk_pixel_25p2m (RISE)                                    
Capture Clock : clk_pixel_25p2m (RISE)                                    
Slack         : 31.177 (required time - arrival time)                     
Delay         : 8.280                                                     

Logic Level             : 12
Non-global nets on path : 13
Global nets on path     :  0

Launch Clock Path Delay        :  1.829
+ Clock To Q + Data Path Delay :  8.396
---------------------------------------
End-of-path arrival time       : 10.225

Constraint                     : 39.683
+ Capture Clock Path Delay     :  1.829
- Clock Uncertainty            :  0.110
---------------------------------------
End-of-path required time      : 41.402

Launch Clock Path
                           name                             model name   delay (ns)  cumulative delay (ns) pins on net    location
====================================================================================================================================
clk_pixel                                                     input        0.000             0.000               0        (0,159) 
clk_pixel                                                     input        0.110             0.110             434        (0,159) 
clk_pixel                                                     net          1.719             1.829             434        (0,159) 
   Routing elements:
      Manhattan distance of X:94, Y:115
u_framebuffer/u_f0_l0/g_native_blocks.rd_block_d[2]~FF|CLK    EFX_FF       0.000             1.829             434        (94,274)

Data Path
                          name                            model name   delay (ns)  cumulative delay (ns) pins on net    location
==================================================================================================================================
u_framebuffer/u_f0_l0/g_native_blocks.rd_block_d[2]~FF|Q   EFX_FF        0.113             0.113              37       (94,274) 
u_framebuffer/u_f0_l0/g_native_blocks.rd_block_d[2]        net           1.277             1.390              37       (94,274) 
   Routing elements:
      Manhattan distance of X:57, Y:174
LUT__21957|in[0]                                           EFX_LUT4      0.054             1.444              37       (151,100)
LUT__21957|out                                             EFX_LUT4      0.000             1.444             315       (151,100)
n10874                                                     net           1.740             3.184             315       (151,100)
   Routing elements:
      Manhattan distance of X:30, Y:194
LUT__24591|in[1]                                           EFX_LUT4      0.054             3.238             315       (181,294)
LUT__24591|out                                             EFX_LUT4      0.000             3.238               2       (181,294)
n13489                                                     net           0.540             3.778               2       (181,294)
   Routing elements:
      Manhattan distance of X:18, Y:8
LUT__24592|in[3]                                           EFX_LUT4      0.054             3.832               2       (163,286)
LUT__24592|out                                             EFX_LUT4      0.000             3.832               2       (163,286)
n13490                                                     net           0.531             4.363               2       (163,286)
   Routing elements:
      Manhattan distance of X:3, Y:80
LUT__24593|in[1]                                           EFX_LUT4      0.054             4.417               2       (160,206)
LUT__24593|out                                             EFX_LUT4      0.000             4.417               2       (160,206)
n13491                                                     net           0.508             4.925               2       (160,206)
   Routing elements:
      Manhattan distance of X:77, Y:0
LUT__24646|in[3]                                           EFX_LUT4      0.054             4.979               2       (83,206) 
LUT__24646|out                                             EFX_LUT4      0.000             4.979               3       (83,206) 
n13544                                                     net           0.665             5.644               3       (83,206) 
   Routing elements:
      Manhattan distance of X:5, Y:71
LUT__24800|in[2]                                           EFX_LUT4      0.055             5.699               3       (78,277) 
LUT__24800|out                                             EFX_LUT4      0.000             5.699              13       (78,277) 
n13698                                                     net           0.518             6.217              13       (78,277) 
   Routing elements:
      Manhattan distance of X:2, Y:17
LUT__24833|in[1]                                           EFX_LUT4      0.054             6.271              13       (76,294) 
LUT__24833|out                                             EFX_LUT4      0.000             6.271               2       (76,294) 
n13729                                                     net           0.174             6.445               2       (76,294) 
   Routing elements:
      Manhattan distance of X:0, Y:1
LUT__24835|in[1]                                           EFX_LUT4      0.054             6.499               2       (76,295) 
LUT__24835|out                                             EFX_LUT4      0.000             6.499               2       (76,295) 
n13731                                                     net           0.368             6.867               2       (76,295) 
   Routing elements:
      Manhattan distance of X:0, Y:6
LUT__24838|in[0]                                           EFX_LUT4      0.054             6.921               2       (76,301) 
LUT__24838|out                                             EFX_LUT4      0.000             6.921               3       (76,301) 
n13734                                                     net           0.364             7.285               3       (76,301) 
   Routing elements:
      Manhattan distance of X:6, Y:5
LUT__26597|in[1]                                           EFX_LUT4      0.054             7.339               3       (82,306) 
LUT__26597|out                                             EFX_LUT4      0.000             7.339               6       (82,306) 
u_tmds_green/n583                                          net           0.437             7.776               6       (82,306) 
   Routing elements:
      Manhattan distance of X:3, Y:3
LUT__26607|in[2]                                           EFX_LUT4      0.054             7.830               6       (79,303) 
LUT__26607|out                                             EFX_LUT4      0.000             7.830               4       (79,303) 
u_tmds_green/n155                                          net           0.509             8.339               4       (79,303) 
   Routing elements:
      Manhattan distance of X:4, Y:2
u_tmds_green/add_61/i6|I1                                  EFX_ADD       0.054             8.393               4       (83,305) 
u_tmds_green/add_61/i6|O                                   EFX_ADD       0.000             8.393               2       (83,305) 
u_tmds_green/n163                                          net           0.000             8.393               2       (83,305) 
u_tmds_green/disparity[5]~FF_rt_7|D                        EFX_FF        0.003             8.396               2       (83,305) 

Capture Clock Path
                name                   model name   delay (ns)  cumulative delay (ns) pins on net    location
===============================================================================================================
clk_pixel                                input        0.000             0.000               0        (0,159) 
clk_pixel                                input        0.110             0.110             434        (0,159) 
clk_pixel                                net          1.719             1.829             434        (0,159) 
   Routing elements:
      Manhattan distance of X:83, Y:146
u_tmds_green/disparity[5]~FF_rt_7|CLK    EFX_FF       0.000             1.829             434        (83,305)

++++ Path 10 +++++++++++++++++++++++++++++++++++++++++++++++++++++++++++++++++++

Path Begin    : u_framebuffer/u_f0_l0/g_native_blocks.rd_block_d[2]~FF|CLK
Path End      : u_tmds_green/disparity[3]~FF_rt_15|D                      
Launch Clock  : clk_pixel_25p2m (RISE)                                    
Capture Clock : clk_pixel_25p2m (RISE)                                    
Slack         : 31.183 (required time - arrival time)                     
Delay         : 8.274                                                     

Logic Level             : 13
Non-global nets on path : 14
Global nets on path     :  0

Launch Clock Path Delay        :  1.829
+ Clock To Q + Data Path Delay :  8.390
---------------------------------------
End-of-path arrival time       : 10.219

Constraint                     : 39.683
+ Capture Clock Path Delay     :  1.829
- Clock Uncertainty            :  0.110
---------------------------------------
End-of-path required time      : 41.402

Launch Clock Path
                           name                             model name   delay (ns)  cumulative delay (ns) pins on net    location
====================================================================================================================================
clk_pixel                                                     input        0.000             0.000               0        (0,159) 
clk_pixel                                                     input        0.110             0.110             434        (0,159) 
clk_pixel                                                     net          1.719             1.829             434        (0,159) 
   Routing elements:
      Manhattan distance of X:94, Y:115
u_framebuffer/u_f0_l0/g_native_blocks.rd_block_d[2]~FF|CLK    EFX_FF       0.000             1.829             434        (94,274)

Data Path
                          name                            model name   delay (ns)  cumulative delay (ns) pins on net    location
==================================================================================================================================
u_framebuffer/u_f0_l0/g_native_blocks.rd_block_d[2]~FF|Q   EFX_FF        0.113             0.113              37       (94,274) 
u_framebuffer/u_f0_l0/g_native_blocks.rd_block_d[2]        net           1.277             1.390              37       (94,274) 
   Routing elements:
      Manhattan distance of X:57, Y:174
LUT__21957|in[0]                                           EFX_LUT4      0.054             1.444              37       (151,100)
LUT__21957|out                                             EFX_LUT4      0.000             1.444             315       (151,100)
n10874                                                     net           1.740             3.184             315       (151,100)
   Routing elements:
      Manhattan distance of X:30, Y:194
LUT__24591|in[1]                                           EFX_LUT4      0.054             3.238             315       (181,294)
LUT__24591|out                                             EFX_LUT4      0.000             3.238               2       (181,294)
n13489                                                     net           0.540             3.778               2       (181,294)
   Routing elements:
      Manhattan distance of X:18, Y:8
LUT__24592|in[3]                                           EFX_LUT4      0.054             3.832               2       (163,286)
LUT__24592|out                                             EFX_LUT4      0.000             3.832               2       (163,286)
n13490                                                     net           0.531             4.363               2       (163,286)
   Routing elements:
      Manhattan distance of X:3, Y:80
LUT__24593|in[1]                                           EFX_LUT4      0.054             4.417               2       (160,206)
LUT__24593|out                                             EFX_LUT4      0.000             4.417               2       (160,206)
n13491                                                     net           0.508             4.925               2       (160,206)
   Routing elements:
      Manhattan distance of X:77, Y:0
LUT__24646|in[3]                                           EFX_LUT4      0.054             4.979               2       (83,206) 
LUT__24646|out                                             EFX_LUT4      0.000             4.979               3       (83,206) 
n13544                                                     net           0.665             5.644               3       (83,206) 
   Routing elements:
      Manhattan distance of X:5, Y:71
LUT__24800|in[2]                                           EFX_LUT4      0.055             5.699               3       (78,277) 
LUT__24800|out                                             EFX_LUT4      0.000             5.699              13       (78,277) 
n13698                                                     net           0.518             6.217              13       (78,277) 
   Routing elements:
      Manhattan distance of X:2, Y:17
LUT__24833|in[1]                                           EFX_LUT4      0.054             6.271              13       (76,294) 
LUT__24833|out                                             EFX_LUT4      0.000             6.271               2       (76,294) 
n13729                                                     net           0.174             6.445               2       (76,294) 
   Routing elements:
      Manhattan distance of X:0, Y:1
LUT__24835|in[1]                                           EFX_LUT4      0.054             6.499               2       (76,295) 
LUT__24835|out                                             EFX_LUT4      0.000             6.499               2       (76,295) 
n13731                                                     net           0.368             6.867               2       (76,295) 
   Routing elements:
      Manhattan distance of X:0, Y:6
LUT__24838|in[0]                                           EFX_LUT4      0.054             6.921               2       (76,301) 
LUT__24838|out                                             EFX_LUT4      0.000             6.921               3       (76,301) 
n13734                                                     net           0.364             7.285               3       (76,301) 
   Routing elements:
      Manhattan distance of X:6, Y:5
LUT__26597|in[1]                                           EFX_LUT4      0.054             7.339               3       (82,306) 
LUT__26597|out                                             EFX_LUT4      0.000             7.339               6       (82,306) 
u_tmds_green/n583                                          net           0.300             7.639               6       (82,306) 
   Routing elements:
      Manhattan distance of X:3, Y:4
LUT__26599|in[1]                                           EFX_LUT4      0.054             7.693               6       (79,302) 
LUT__26599|out                                             EFX_LUT4      0.000             7.693               3       (79,302) 
u_tmds_green/n394                                          net           0.381             8.074               3       (79,302) 
   Routing elements:
      Manhattan distance of X:1, Y:2
u_tmds_green/sub_70/add_2/i3|I1                            EFX_ADD       0.054             8.128               3       (80,304) 
u_tmds_green/sub_70/add_2/i3|O                             EFX_ADD       0.000             8.128               2       (80,304) 
u_tmds_green/n188                                          net           0.204             8.332               2       (80,304) 
   Routing elements:
      Manhattan distance of X:5, Y:0
u_tmds_green/add_72/i4|I0                                  EFX_ADD       0.055             8.387               2       (75,304) 
u_tmds_green/add_72/i4|O                                   EFX_ADD       0.000             8.387               2       (75,304) 
u_tmds_green/n198                                          net           0.000             8.387               2       (75,304) 
u_tmds_green/disparity[3]~FF_rt_15|D                       EFX_FF        0.003             8.390               2       (75,304) 

Capture Clock Path
                 name                   model name   delay (ns)  cumulative delay (ns) pins on net    location
================================================================================================================
clk_pixel                                 input        0.000             0.000               0        (0,159) 
clk_pixel                                 input        0.110             0.110             434        (0,159) 
clk_pixel                                 net          1.719             1.829             434        (0,159) 
   Routing elements:
      Manhattan distance of X:75, Y:145
u_tmds_green/disparity[3]~FF_rt_15|CLK    EFX_FF       0.000             1.829             434        (75,304)

################################################################################
Path Detail Report (clk_pixel_5x_126m vs clk_pixel_5x_126m)
################################################################################


++++ Path 1 ++++++++++++++++++++++++++++++++++++++++++++++++++++++++++++++++++++

Path Begin    : u_fast_reset/sync_pipe[1]~FF|CLK    
Path End      : fast_reset_n~FF|D                   
Launch Clock  : clk_pixel_5x_126m (RISE)            
Capture Clock : clk_pixel_5x_126m (RISE)            
Slack         : 7.537 (required time - arrival time)
Delay         : 0.174                               

Logic Level             : 0
Non-global nets on path : 1
Global nets on path     : 0

Launch Clock Path Delay        : 1.814
+ Clock To Q + Data Path Delay : 0.290
--------------------------------------
End-of-path arrival time       : 2.104

Constraint                     : 7.937
+ Capture Clock Path Delay     : 1.814
- Clock Uncertainty            : 0.110
--------------------------------------
End-of-path required time      : 9.641

Launch Clock Path
              name                model name   delay (ns)  cumulative delay (ns) pins on net    location
==========================================================================================================
clk_pixel_5x                        input        0.000             0.000              0        (0,163)  
clk_pixel_5x                        input        0.110             0.110              8        (0,163)  
clk_pixel_5x                        net          1.704             1.814              8        (0,163)  
   Routing elements:
      Manhattan distance of X:118, Y:157
u_fast_reset/sync_pipe[1]~FF|CLK    EFX_FF       0.000             1.814              8        (118,320)

Data Path
             name               model name   delay (ns)  cumulative delay (ns) pins on net    location
========================================================================================================
u_fast_reset/sync_pipe[1]~FF|Q    EFX_FF       0.113             0.113              2        (118,320)
u_fast_reset/sync_pipe[1]         net          0.174             0.287              2        (118,320)
   Routing elements:
      Manhattan distance of X:0, Y:1
fast_reset_n~FF|D                 EFX_FF       0.003             0.290              2        (118,321)

Capture Clock Path
       name          model name   delay (ns)  cumulative delay (ns) pins on net    location
=============================================================================================
clk_pixel_5x           input        0.000             0.000              0        (0,163)  
clk_pixel_5x           input        0.110             0.110              8        (0,163)  
clk_pixel_5x           net          1.704             1.814              8        (0,163)  
   Routing elements:
      Manhattan distance of X:118, Y:158
fast_reset_n~FF|CLK    EFX_FF       0.000             1.814              8        (118,321)

++++ Path 2 ++++++++++++++++++++++++++++++++++++++++++++++++++++++++++++++++++++

Path Begin    : u_fast_reset/sync_pipe[0]~FF|CLK    
Path End      : u_fast_reset/sync_pipe[1]~FF|D      
Launch Clock  : clk_pixel_5x_126m (RISE)            
Capture Clock : clk_pixel_5x_126m (RISE)            
Slack         : 7.537 (required time - arrival time)
Delay         : 0.174                               

Logic Level             : 0
Non-global nets on path : 1
Global nets on path     : 0

Launch Clock Path Delay        : 1.814
+ Clock To Q + Data Path Delay : 0.290
--------------------------------------
End-of-path arrival time       : 2.104

Constraint                     : 7.937
+ Capture Clock Path Delay     : 1.814
- Clock Uncertainty            : 0.110
--------------------------------------
End-of-path required time      : 9.641

Launch Clock Path
              name                model name   delay (ns)  cumulative delay (ns) pins on net    location
==========================================================================================================
clk_pixel_5x                        input        0.000             0.000              0        (0,163)  
clk_pixel_5x                        input        0.110             0.110              8        (0,163)  
clk_pixel_5x                        net          1.704             1.814              8        (0,163)  
   Routing elements:
      Manhattan distance of X:118, Y:156
u_fast_reset/sync_pipe[0]~FF|CLK    EFX_FF       0.000             1.814              8        (118,319)

Data Path
             name               model name   delay (ns)  cumulative delay (ns) pins on net    location
========================================================================================================
u_fast_reset/sync_pipe[0]~FF|Q    EFX_FF       0.113             0.113              2        (118,319)
u_fast_reset/sync_pipe[0]         net          0.174             0.287              2        (118,319)
   Routing elements:
      Manhattan distance of X:0, Y:1
u_fast_reset/sync_pipe[1]~FF|D    EFX_FF       0.003             0.290              2        (118,320)

Capture Clock Path
              name                model name   delay (ns)  cumulative delay (ns) pins on net    location
==========================================================================================================
clk_pixel_5x                        input        0.000             0.000              0        (0,163)  
clk_pixel_5x                        input        0.110             0.110              8        (0,163)  
clk_pixel_5x                        net          1.704             1.814              8        (0,163)  
   Routing elements:
      Manhattan distance of X:118, Y:157
u_fast_reset/sync_pipe[1]~FF|CLK    EFX_FF       0.000             1.814              8        (118,320)

################################################################################
Path Detail Report (cmos_pclk vs cmos_pclk)
################################################################################


++++ Path 1 ++++++++++++++++++++++++++++++++++++++++++++++++++++++++++++++++++++

Path Begin    : u_edge_full_frame/emit_y[2]~FF|CLK         
Path End      : i96/u_edge_full_frame/fifo_mem[5][10]~FF|CE
Launch Clock  : cmos_pclk (RISE)                           
Capture Clock : cmos_pclk (RISE)                           
Slack         : 5.262 (required time - arrival time)       
Delay         : 4.424                                      

Logic Level             : 8
Non-global nets on path : 9
Global nets on path     : 0

Launch Clock Path Delay        : 1.811
+ Clock To Q + Data Path Delay : 4.628
--------------------------------------
End-of-path arrival time       : 6.439

Constraint                     : 10.000
+ Capture Clock Path Delay     :  1.811
- Clock Uncertainty            :  0.110
---------------------------------------
End-of-path required time      : 11.701

Launch Clock Path
               name                 model name   delay (ns)  cumulative delay (ns) pins on net    location
============================================================================================================
cmos_pclk                             input        0.000             0.000                0      (111,323)
cmos_pclk                             input        0.110             0.110             1721      (111,323)
cmos_pclk                             net          1.701             1.811             1721      (111,323)
   Routing elements:
      Manhattan distance of X:7, Y:186
u_edge_full_frame/emit_y[2]~FF|CLK    EFX_FF       0.000             1.811             1721      (104,137)

Data Path
                   name                      model name   delay (ns)  cumulative delay (ns) pins on net    location
=====================================================================================================================
u_edge_full_frame/emit_y[2]~FF|Q              EFX_FF        0.113             0.113               7       (104,137)
u_edge_full_frame/emit_y[2]                   net           0.918             1.031               7       (104,137)
   Routing elements:
      Manhattan distance of X:2, Y:9
LUT__21319|in[2]                              EFX_LUT4      0.054             1.085               7       (106,128)
LUT__21319|out                                EFX_LUT4      0.000             1.085               2       (106,128)
n10320                                        net           0.053             1.138               2       (106,128)
   Routing elements:
      Manhattan distance of X:0, Y:1
LUT__21321|in[1]                              EFX_LUT4      0.054             1.192               2       (106,127)
LUT__21321|out                                EFX_LUT4      0.000             1.192               3       (106,127)
n10322                                        net           0.265             1.457               3       (106,127)
   Routing elements:
      Manhattan distance of X:3, Y:1
LUT__21325|in[2]                              EFX_LUT4      0.054             1.511               3       (103,128)
LUT__21325|out                                EFX_LUT4      0.000             1.511               4       (103,128)
n10326                                        net           0.219             1.730               4       (103,128)
   Routing elements:
      Manhattan distance of X:4, Y:1
LUT__21345|in[1]                              EFX_LUT4      0.055             1.785               4       (99,127) 
LUT__21345|out                                EFX_LUT4      0.000             1.785              10       (99,127) 
n10338                                        net           0.350             2.135              10       (99,127) 
   Routing elements:
      Manhattan distance of X:9, Y:4
LUT__21347|in[1]                              EFX_LUT4      0.055             2.190              10       (90,123) 
LUT__21347|out                                EFX_LUT4      0.000             2.190               9       (90,123) 
n10340                                        net           0.176             2.366               9       (90,123) 
   Routing elements:
      Manhattan distance of X:0, Y:1
LUT__26213|in[1]                              EFX_LUT4      0.055             2.421               9       (90,124) 
LUT__26213|out                                EFX_LUT4      0.000             2.421               8       (90,124) 
n15060                                        net           0.256             2.677               8       (90,124) 
   Routing elements:
      Manhattan distance of X:1, Y:1
LUT__26216|in[2]                              EFX_LUT4      0.054             2.731               8       (89,125) 
LUT__26216|out                                EFX_LUT4      0.000             2.731               5       (89,125) 
n15062                                        net           0.628             3.359               5       (89,125) 
   Routing elements:
      Manhattan distance of X:2, Y:6
LUT__26222|in[2]                              EFX_LUT4      0.054             3.413               5       (91,131) 
LUT__26222|out                                EFX_LUT4      0.000             3.413              21       (91,131) 
i96/n35                                       net           1.124             4.537              21       (91,131) 
   Routing elements:
      Manhattan distance of X:30, Y:28
i96/u_edge_full_frame/fifo_mem[5][10]~FF|CE   EFX_FF        0.091             4.628              21       (121,159)

Capture Clock Path
                    name                      model name   delay (ns)  cumulative delay (ns) pins on net    location
======================================================================================================================
cmos_pclk                                       input        0.000             0.000                0      (111,323)
cmos_pclk                                       input        0.110             0.110             1721      (111,323)
cmos_pclk                                       net          1.701             1.811             1721      (111,323)
   Routing elements:
      Manhattan distance of X:10, Y:164
i96/u_edge_full_frame/fifo_mem[5][10]~FF|CLK    EFX_FF       0.000             1.811             1721      (121,159)

++++ Path 2 ++++++++++++++++++++++++++++++++++++++++++++++++++++++++++++++++++++

Path Begin    : u_edge_full_frame/emit_y[2]~FF|CLK        
Path End      : i96/u_edge_full_frame/fifo_mem[5][0]~FF|CE
Launch Clock  : cmos_pclk (RISE)                          
Capture Clock : cmos_pclk (RISE)                          
Slack         : 5.280 (required time - arrival time)      
Delay         : 4.406                                     

Logic Level             : 8
Non-global nets on path : 9
Global nets on path     : 0

Launch Clock Path Delay        : 1.811
+ Clock To Q + Data Path Delay : 4.610
--------------------------------------
End-of-path arrival time       : 6.421

Constraint                     : 10.000
+ Capture Clock Path Delay     :  1.811
- Clock Uncertainty            :  0.110
---------------------------------------
End-of-path required time      : 11.701

Launch Clock Path
               name                 model name   delay (ns)  cumulative delay (ns) pins on net    location
============================================================================================================
cmos_pclk                             input        0.000             0.000                0      (111,323)
cmos_pclk                             input        0.110             0.110             1721      (111,323)
cmos_pclk                             net          1.701             1.811             1721      (111,323)
   Routing elements:
      Manhattan distance of X:7, Y:186
u_edge_full_frame/emit_y[2]~FF|CLK    EFX_FF       0.000             1.811             1721      (104,137)

Data Path
                   name                     model name   delay (ns)  cumulative delay (ns) pins on net    location
====================================================================================================================
u_edge_full_frame/emit_y[2]~FF|Q             EFX_FF        0.113             0.113               7       (104,137)
u_edge_full_frame/emit_y[2]                  net           0.918             1.031               7       (104,137)
   Routing elements:
      Manhattan distance of X:2, Y:9
LUT__21319|in[2]                             EFX_LUT4      0.054             1.085               7       (106,128)
LUT__21319|out                               EFX_LUT4      0.000             1.085               2       (106,128)
n10320                                       net           0.053             1.138               2       (106,128)
   Routing elements:
      Manhattan distance of X:0, Y:1
LUT__21321|in[1]                             EFX_LUT4      0.054             1.192               2       (106,127)
LUT__21321|out                               EFX_LUT4      0.000             1.192               3       (106,127)
n10322                                       net           0.265             1.457               3       (106,127)
   Routing elements:
      Manhattan distance of X:3, Y:1
LUT__21325|in[2]                             EFX_LUT4      0.054             1.511               3       (103,128)
LUT__21325|out                               EFX_LUT4      0.000             1.511               4       (103,128)
n10326                                       net           0.219             1.730               4       (103,128)
   Routing elements:
      Manhattan distance of X:4, Y:1
LUT__21345|in[1]                             EFX_LUT4      0.055             1.785               4       (99,127) 
LUT__21345|out                               EFX_LUT4      0.000             1.785              10       (99,127) 
n10338                                       net           0.350             2.135              10       (99,127) 
   Routing elements:
      Manhattan distance of X:9, Y:4
LUT__21347|in[1]                             EFX_LUT4      0.055             2.190              10       (90,123) 
LUT__21347|out                               EFX_LUT4      0.000             2.190               9       (90,123) 
n10340                                       net           0.176             2.366               9       (90,123) 
   Routing elements:
      Manhattan distance of X:0, Y:1
LUT__26213|in[1]                             EFX_LUT4      0.055             2.421               9       (90,124) 
LUT__26213|out                               EFX_LUT4      0.000             2.421               8       (90,124) 
n15060                                       net           0.256             2.677               8       (90,124) 
   Routing elements:
      Manhattan distance of X:1, Y:1
LUT__26216|in[2]                             EFX_LUT4      0.054             2.731               8       (89,125) 
LUT__26216|out                               EFX_LUT4      0.000             2.731               5       (89,125) 
n15062                                       net           0.628             3.359               5       (89,125) 
   Routing elements:
      Manhattan distance of X:2, Y:6
LUT__26222|in[2]                             EFX_LUT4      0.054             3.413               5       (91,131) 
LUT__26222|out                               EFX_LUT4      0.000             3.413              21       (91,131) 
i96/n35                                      net           1.106             4.519              21       (91,131) 
   Routing elements:
      Manhattan distance of X:30, Y:6
i96/u_edge_full_frame/fifo_mem[5][0]~FF|CE   EFX_FF        0.091             4.610              21       (121,137)

Capture Clock Path
                   name                      model name   delay (ns)  cumulative delay (ns) pins on net    location
=====================================================================================================================
cmos_pclk                                      input        0.000             0.000                0      (111,323)
cmos_pclk                                      input        0.110             0.110             1721      (111,323)
cmos_pclk                                      net          1.701             1.811             1721      (111,323)
   Routing elements:
      Manhattan distance of X:10, Y:186
i96/u_edge_full_frame/fifo_mem[5][0]~FF|CLK    EFX_FF       0.000             1.811             1721      (121,137)

++++ Path 3 ++++++++++++++++++++++++++++++++++++++++++++++++++++++++++++++++++++

Path Begin    : u_edge_full_frame/emit_y[2]~FF|CLK        
Path End      : i96/u_edge_full_frame/fifo_mem[6][4]~FF|CE
Launch Clock  : cmos_pclk (RISE)                          
Capture Clock : cmos_pclk (RISE)                          
Slack         : 5.292 (required time - arrival time)      
Delay         : 4.394                                     

Logic Level             : 8
Non-global nets on path : 9
Global nets on path     : 0

Launch Clock Path Delay        : 1.811
+ Clock To Q + Data Path Delay : 4.598
--------------------------------------
End-of-path arrival time       : 6.409

Constraint                     : 10.000
+ Capture Clock Path Delay     :  1.811
- Clock Uncertainty            :  0.110
---------------------------------------
End-of-path required time      : 11.701

Launch Clock Path
               name                 model name   delay (ns)  cumulative delay (ns) pins on net    location
============================================================================================================
cmos_pclk                             input        0.000             0.000                0      (111,323)
cmos_pclk                             input        0.110             0.110             1721      (111,323)
cmos_pclk                             net          1.701             1.811             1721      (111,323)
   Routing elements:
      Manhattan distance of X:7, Y:186
u_edge_full_frame/emit_y[2]~FF|CLK    EFX_FF       0.000             1.811             1721      (104,137)

Data Path
                   name                     model name   delay (ns)  cumulative delay (ns) pins on net    location
====================================================================================================================
u_edge_full_frame/emit_y[2]~FF|Q             EFX_FF        0.113             0.113               7       (104,137)
u_edge_full_frame/emit_y[2]                  net           0.918             1.031               7       (104,137)
   Routing elements:
      Manhattan distance of X:2, Y:9
LUT__21319|in[2]                             EFX_LUT4      0.054             1.085               7       (106,128)
LUT__21319|out                               EFX_LUT4      0.000             1.085               2       (106,128)
n10320                                       net           0.053             1.138               2       (106,128)
   Routing elements:
      Manhattan distance of X:0, Y:1
LUT__21321|in[1]                             EFX_LUT4      0.054             1.192               2       (106,127)
LUT__21321|out                               EFX_LUT4      0.000             1.192               3       (106,127)
n10322                                       net           0.265             1.457               3       (106,127)
   Routing elements:
      Manhattan distance of X:3, Y:1
LUT__21325|in[2]                             EFX_LUT4      0.054             1.511               3       (103,128)
LUT__21325|out                               EFX_LUT4      0.000             1.511               4       (103,128)
n10326                                       net           0.219             1.730               4       (103,128)
   Routing elements:
      Manhattan distance of X:4, Y:1
LUT__21345|in[1]                             EFX_LUT4      0.055             1.785               4       (99,127) 
LUT__21345|out                               EFX_LUT4      0.000             1.785              10       (99,127) 
n10338                                       net           0.350             2.135              10       (99,127) 
   Routing elements:
      Manhattan distance of X:9, Y:4
LUT__21347|in[1]                             EFX_LUT4      0.055             2.190              10       (90,123) 
LUT__21347|out                               EFX_LUT4      0.000             2.190               9       (90,123) 
n10340                                       net           0.176             2.366               9       (90,123) 
   Routing elements:
      Manhattan distance of X:0, Y:1
LUT__26213|in[1]                             EFX_LUT4      0.055             2.421               9       (90,124) 
LUT__26213|out                               EFX_LUT4      0.000             2.421               8       (90,124) 
n15060                                       net           0.407             2.828               8       (90,124) 
   Routing elements:
      Manhattan distance of X:2, Y:5
LUT__26218|in[1]                             EFX_LUT4      0.054             2.882               8       (88,129) 
LUT__26218|out                               EFX_LUT4      0.000             2.882               5       (88,129) 
n15063                                       net           0.318             3.200               5       (88,129) 
   Routing elements:
      Manhattan distance of X:1, Y:1
LUT__26223|in[2]                             EFX_LUT4      0.054             3.254               5       (89,130) 
LUT__26223|out                               EFX_LUT4      0.000             3.254              21       (89,130) 
i96/n34                                      net           1.253             4.507              21       (89,130) 
   Routing elements:
      Manhattan distance of X:15, Y:19
i96/u_edge_full_frame/fifo_mem[6][4]~FF|CE   EFX_FF        0.091             4.598              21       (104,149)

Capture Clock Path
                   name                      model name   delay (ns)  cumulative delay (ns) pins on net    location
=====================================================================================================================
cmos_pclk                                      input        0.000             0.000                0      (111,323)
cmos_pclk                                      input        0.110             0.110             1721      (111,323)
cmos_pclk                                      net          1.701             1.811             1721      (111,323)
   Routing elements:
      Manhattan distance of X:7, Y:174
i96/u_edge_full_frame/fifo_mem[6][4]~FF|CLK    EFX_FF       0.000             1.811             1721      (104,149)

++++ Path 4 ++++++++++++++++++++++++++++++++++++++++++++++++++++++++++++++++++++

Path Begin    : u_edge_full_frame/emit_y[2]~FF|CLK         
Path End      : i96/u_edge_full_frame/fifo_mem[5][12]~FF|CE
Launch Clock  : cmos_pclk (RISE)                           
Capture Clock : cmos_pclk (RISE)                           
Slack         : 5.293 (required time - arrival time)       
Delay         : 4.393                                      

Logic Level             : 8
Non-global nets on path : 9
Global nets on path     : 0

Launch Clock Path Delay        : 1.811
+ Clock To Q + Data Path Delay : 4.597
--------------------------------------
End-of-path arrival time       : 6.408

Constraint                     : 10.000
+ Capture Clock Path Delay     :  1.811
- Clock Uncertainty            :  0.110
---------------------------------------
End-of-path required time      : 11.701

Launch Clock Path
               name                 model name   delay (ns)  cumulative delay (ns) pins on net    location
============================================================================================================
cmos_pclk                             input        0.000             0.000                0      (111,323)
cmos_pclk                             input        0.110             0.110             1721      (111,323)
cmos_pclk                             net          1.701             1.811             1721      (111,323)
   Routing elements:
      Manhattan distance of X:7, Y:186
u_edge_full_frame/emit_y[2]~FF|CLK    EFX_FF       0.000             1.811             1721      (104,137)

Data Path
                   name                      model name   delay (ns)  cumulative delay (ns) pins on net    location
=====================================================================================================================
u_edge_full_frame/emit_y[2]~FF|Q              EFX_FF        0.113             0.113               7       (104,137)
u_edge_full_frame/emit_y[2]                   net           0.918             1.031               7       (104,137)
   Routing elements:
      Manhattan distance of X:2, Y:9
LUT__21319|in[2]                              EFX_LUT4      0.054             1.085               7       (106,128)
LUT__21319|out                                EFX_LUT4      0.000             1.085               2       (106,128)
n10320                                        net           0.053             1.138               2       (106,128)
   Routing elements:
      Manhattan distance of X:0, Y:1
LUT__21321|in[1]                              EFX_LUT4      0.054             1.192               2       (106,127)
LUT__21321|out                                EFX_LUT4      0.000             1.192               3       (106,127)
n10322                                        net           0.265             1.457               3       (106,127)
   Routing elements:
      Manhattan distance of X:3, Y:1
LUT__21325|in[2]                              EFX_LUT4      0.054             1.511               3       (103,128)
LUT__21325|out                                EFX_LUT4      0.000             1.511               4       (103,128)
n10326                                        net           0.219             1.730               4       (103,128)
   Routing elements:
      Manhattan distance of X:4, Y:1
LUT__21345|in[1]                              EFX_LUT4      0.055             1.785               4       (99,127) 
LUT__21345|out                                EFX_LUT4      0.000             1.785              10       (99,127) 
n10338                                        net           0.350             2.135              10       (99,127) 
   Routing elements:
      Manhattan distance of X:9, Y:4
LUT__21347|in[1]                              EFX_LUT4      0.055             2.190              10       (90,123) 
LUT__21347|out                                EFX_LUT4      0.000             2.190               9       (90,123) 
n10340                                        net           0.176             2.366               9       (90,123) 
   Routing elements:
      Manhattan distance of X:0, Y:1
LUT__26213|in[1]                              EFX_LUT4      0.055             2.421               9       (90,124) 
LUT__26213|out                                EFX_LUT4      0.000             2.421               8       (90,124) 
n15060                                        net           0.256             2.677               8       (90,124) 
   Routing elements:
      Manhattan distance of X:1, Y:1
LUT__26216|in[2]                              EFX_LUT4      0.054             2.731               8       (89,125) 
LUT__26216|out                                EFX_LUT4      0.000             2.731               5       (89,125) 
n15062                                        net           0.628             3.359               5       (89,125) 
   Routing elements:
      Manhattan distance of X:2, Y:6
LUT__26222|in[2]                              EFX_LUT4      0.054             3.413               5       (91,131) 
LUT__26222|out                                EFX_LUT4      0.000             3.413              21       (91,131) 
i96/n35                                       net           1.093             4.506              21       (91,131) 
   Routing elements:
      Manhattan distance of X:9, Y:25
i96/u_edge_full_frame/fifo_mem[5][12]~FF|CE   EFX_FF        0.091             4.597              21       (100,156)

Capture Clock Path
                    name                      model name   delay (ns)  cumulative delay (ns) pins on net    location
======================================================================================================================
cmos_pclk                                       input        0.000             0.000                0      (111,323)
cmos_pclk                                       input        0.110             0.110             1721      (111,323)
cmos_pclk                                       net          1.701             1.811             1721      (111,323)
   Routing elements:
      Manhattan distance of X:11, Y:167
i96/u_edge_full_frame/fifo_mem[5][12]~FF|CLK    EFX_FF       0.000             1.811             1721      (100,156)

++++ Path 5 ++++++++++++++++++++++++++++++++++++++++++++++++++++++++++++++++++++

Path Begin    : u_edge_full_frame/emit_y[2]~FF|CLK         
Path End      : i96/u_edge_full_frame/fifo_mem[6][12]~FF|CE
Launch Clock  : cmos_pclk (RISE)                           
Capture Clock : cmos_pclk (RISE)                           
Slack         : 5.314 (required time - arrival time)       
Delay         : 4.372                                      

Logic Level             : 8
Non-global nets on path : 9
Global nets on path     : 0

Launch Clock Path Delay        : 1.811
+ Clock To Q + Data Path Delay : 4.576
--------------------------------------
End-of-path arrival time       : 6.387

Constraint                     : 10.000
+ Capture Clock Path Delay     :  1.811
- Clock Uncertainty            :  0.110
---------------------------------------
End-of-path required time      : 11.701

Launch Clock Path
               name                 model name   delay (ns)  cumulative delay (ns) pins on net    location
============================================================================================================
cmos_pclk                             input        0.000             0.000                0      (111,323)
cmos_pclk                             input        0.110             0.110             1721      (111,323)
cmos_pclk                             net          1.701             1.811             1721      (111,323)
   Routing elements:
      Manhattan distance of X:7, Y:186
u_edge_full_frame/emit_y[2]~FF|CLK    EFX_FF       0.000             1.811             1721      (104,137)

Data Path
                   name                      model name   delay (ns)  cumulative delay (ns) pins on net    location
=====================================================================================================================
u_edge_full_frame/emit_y[2]~FF|Q              EFX_FF        0.113             0.113               7       (104,137)
u_edge_full_frame/emit_y[2]                   net           0.918             1.031               7       (104,137)
   Routing elements:
      Manhattan distance of X:2, Y:9
LUT__21319|in[2]                              EFX_LUT4      0.054             1.085               7       (106,128)
LUT__21319|out                                EFX_LUT4      0.000             1.085               2       (106,128)
n10320                                        net           0.053             1.138               2       (106,128)
   Routing elements:
      Manhattan distance of X:0, Y:1
LUT__21321|in[1]                              EFX_LUT4      0.054             1.192               2       (106,127)
LUT__21321|out                                EFX_LUT4      0.000             1.192               3       (106,127)
n10322                                        net           0.265             1.457               3       (106,127)
   Routing elements:
      Manhattan distance of X:3, Y:1
LUT__21325|in[2]                              EFX_LUT4      0.054             1.511               3       (103,128)
LUT__21325|out                                EFX_LUT4      0.000             1.511               4       (103,128)
n10326                                        net           0.219             1.730               4       (103,128)
   Routing elements:
      Manhattan distance of X:4, Y:1
LUT__21345|in[1]                              EFX_LUT4      0.055             1.785               4       (99,127) 
LUT__21345|out                                EFX_LUT4      0.000             1.785              10       (99,127) 
n10338                                        net           0.350             2.135              10       (99,127) 
   Routing elements:
      Manhattan distance of X:9, Y:4
LUT__21347|in[1]                              EFX_LUT4      0.055             2.190              10       (90,123) 
LUT__21347|out                                EFX_LUT4      0.000             2.190               9       (90,123) 
n10340                                        net           0.176             2.366               9       (90,123) 
   Routing elements:
      Manhattan distance of X:0, Y:1
LUT__26213|in[1]                              EFX_LUT4      0.055             2.421               9       (90,124) 
LUT__26213|out                                EFX_LUT4      0.000             2.421               8       (90,124) 
n15060                                        net           0.407             2.828               8       (90,124) 
   Routing elements:
      Manhattan distance of X:2, Y:5
LUT__26218|in[1]                              EFX_LUT4      0.054             2.882               8       (88,129) 
LUT__26218|out                                EFX_LUT4      0.000             2.882               5       (88,129) 
n15063                                        net           0.318             3.200               5       (88,129) 
   Routing elements:
      Manhattan distance of X:1, Y:1
LUT__26223|in[2]                              EFX_LUT4      0.054             3.254               5       (89,130) 
LUT__26223|out                                EFX_LUT4      0.000             3.254              21       (89,130) 
i96/n34                                       net           1.231             4.485              21       (89,130) 
   Routing elements:
      Manhattan distance of X:15, Y:27
i96/u_edge_full_frame/fifo_mem[6][12]~FF|CE   EFX_FF        0.091             4.576              21       (104,157)

Capture Clock Path
                    name                      model name   delay (ns)  cumulative delay (ns) pins on net    location
======================================================================================================================
cmos_pclk                                       input        0.000             0.000                0      (111,323)
cmos_pclk                                       input        0.110             0.110             1721      (111,323)
cmos_pclk                                       net          1.701             1.811             1721      (111,323)
   Routing elements:
      Manhattan distance of X:7, Y:166
i96/u_edge_full_frame/fifo_mem[6][12]~FF|CLK    EFX_FF       0.000             1.811             1721      (104,157)

++++ Path 6 ++++++++++++++++++++++++++++++++++++++++++++++++++++++++++++++++++++

Path Begin    : u_edge_full_frame/emit_y[2]~FF|CLK        
Path End      : i96/u_edge_full_frame/fifo_mem[6][7]~FF|CE
Launch Clock  : cmos_pclk (RISE)                          
Capture Clock : cmos_pclk (RISE)                          
Slack         : 5.316 (required time - arrival time)      
Delay         : 4.370                                     

Logic Level             : 8
Non-global nets on path : 9
Global nets on path     : 0

Launch Clock Path Delay        : 1.811
+ Clock To Q + Data Path Delay : 4.574
--------------------------------------
End-of-path arrival time       : 6.385

Constraint                     : 10.000
+ Capture Clock Path Delay     :  1.811
- Clock Uncertainty            :  0.110
---------------------------------------
End-of-path required time      : 11.701

Launch Clock Path
               name                 model name   delay (ns)  cumulative delay (ns) pins on net    location
============================================================================================================
cmos_pclk                             input        0.000             0.000                0      (111,323)
cmos_pclk                             input        0.110             0.110             1721      (111,323)
cmos_pclk                             net          1.701             1.811             1721      (111,323)
   Routing elements:
      Manhattan distance of X:7, Y:186
u_edge_full_frame/emit_y[2]~FF|CLK    EFX_FF       0.000             1.811             1721      (104,137)

Data Path
                   name                     model name   delay (ns)  cumulative delay (ns) pins on net    location
====================================================================================================================
u_edge_full_frame/emit_y[2]~FF|Q             EFX_FF        0.113             0.113               7       (104,137)
u_edge_full_frame/emit_y[2]                  net           0.918             1.031               7       (104,137)
   Routing elements:
      Manhattan distance of X:2, Y:9
LUT__21319|in[2]                             EFX_LUT4      0.054             1.085               7       (106,128)
LUT__21319|out                               EFX_LUT4      0.000             1.085               2       (106,128)
n10320                                       net           0.053             1.138               2       (106,128)
   Routing elements:
      Manhattan distance of X:0, Y:1
LUT__21321|in[1]                             EFX_LUT4      0.054             1.192               2       (106,127)
LUT__21321|out                               EFX_LUT4      0.000             1.192               3       (106,127)
n10322                                       net           0.265             1.457               3       (106,127)
   Routing elements:
      Manhattan distance of X:3, Y:1
LUT__21325|in[2]                             EFX_LUT4      0.054             1.511               3       (103,128)
LUT__21325|out                               EFX_LUT4      0.000             1.511               4       (103,128)
n10326                                       net           0.219             1.730               4       (103,128)
   Routing elements:
      Manhattan distance of X:4, Y:1
LUT__21345|in[1]                             EFX_LUT4      0.055             1.785               4       (99,127) 
LUT__21345|out                               EFX_LUT4      0.000             1.785              10       (99,127) 
n10338                                       net           0.350             2.135              10       (99,127) 
   Routing elements:
      Manhattan distance of X:9, Y:4
LUT__21347|in[1]                             EFX_LUT4      0.055             2.190              10       (90,123) 
LUT__21347|out                               EFX_LUT4      0.000             2.190               9       (90,123) 
n10340                                       net           0.176             2.366               9       (90,123) 
   Routing elements:
      Manhattan distance of X:0, Y:1
LUT__26213|in[1]                             EFX_LUT4      0.055             2.421               9       (90,124) 
LUT__26213|out                               EFX_LUT4      0.000             2.421               8       (90,124) 
n15060                                       net           0.407             2.828               8       (90,124) 
   Routing elements:
      Manhattan distance of X:2, Y:5
LUT__26218|in[1]                             EFX_LUT4      0.054             2.882               8       (88,129) 
LUT__26218|out                               EFX_LUT4      0.000             2.882               5       (88,129) 
n15063                                       net           0.318             3.200               5       (88,129) 
   Routing elements:
      Manhattan distance of X:1, Y:1
LUT__26223|in[2]                             EFX_LUT4      0.054             3.254               5       (89,130) 
LUT__26223|out                               EFX_LUT4      0.000             3.254              21       (89,130) 
i96/n34                                      net           1.229             4.483              21       (89,130) 
   Routing elements:
      Manhattan distance of X:20, Y:24
i96/u_edge_full_frame/fifo_mem[6][7]~FF|CE   EFX_FF        0.091             4.574              21       (109,154)

Capture Clock Path
                   name                      model name   delay (ns)  cumulative delay (ns) pins on net    location
=====================================================================================================================
cmos_pclk                                      input        0.000             0.000                0      (111,323)
cmos_pclk                                      input        0.110             0.110             1721      (111,323)
cmos_pclk                                      net          1.701             1.811             1721      (111,323)
   Routing elements:
      Manhattan distance of X:2, Y:169
i96/u_edge_full_frame/fifo_mem[6][7]~FF|CLK    EFX_FF       0.000             1.811             1721      (109,154)

++++ Path 7 ++++++++++++++++++++++++++++++++++++++++++++++++++++++++++++++++++++

Path Begin    : u_edge_full_frame/emit_y[2]~FF|CLK         
Path End      : i96/u_edge_full_frame/fifo_mem[6][10]~FF|CE
Launch Clock  : cmos_pclk (RISE)                           
Capture Clock : cmos_pclk (RISE)                           
Slack         : 5.316 (required time - arrival time)       
Delay         : 4.370                                      

Logic Level             : 8
Non-global nets on path : 9
Global nets on path     : 0

Launch Clock Path Delay        : 1.811
+ Clock To Q + Data Path Delay : 4.574
--------------------------------------
End-of-path arrival time       : 6.385

Constraint                     : 10.000
+ Capture Clock Path Delay     :  1.811
- Clock Uncertainty            :  0.110
---------------------------------------
End-of-path required time      : 11.701

Launch Clock Path
               name                 model name   delay (ns)  cumulative delay (ns) pins on net    location
============================================================================================================
cmos_pclk                             input        0.000             0.000                0      (111,323)
cmos_pclk                             input        0.110             0.110             1721      (111,323)
cmos_pclk                             net          1.701             1.811             1721      (111,323)
   Routing elements:
      Manhattan distance of X:7, Y:186
u_edge_full_frame/emit_y[2]~FF|CLK    EFX_FF       0.000             1.811             1721      (104,137)

Data Path
                   name                      model name   delay (ns)  cumulative delay (ns) pins on net    location
=====================================================================================================================
u_edge_full_frame/emit_y[2]~FF|Q              EFX_FF        0.113             0.113               7       (104,137)
u_edge_full_frame/emit_y[2]                   net           0.918             1.031               7       (104,137)
   Routing elements:
      Manhattan distance of X:2, Y:9
LUT__21319|in[2]                              EFX_LUT4      0.054             1.085               7       (106,128)
LUT__21319|out                                EFX_LUT4      0.000             1.085               2       (106,128)
n10320                                        net           0.053             1.138               2       (106,128)
   Routing elements:
      Manhattan distance of X:0, Y:1
LUT__21321|in[1]                              EFX_LUT4      0.054             1.192               2       (106,127)
LUT__21321|out                                EFX_LUT4      0.000             1.192               3       (106,127)
n10322                                        net           0.265             1.457               3       (106,127)
   Routing elements:
      Manhattan distance of X:3, Y:1
LUT__21325|in[2]                              EFX_LUT4      0.054             1.511               3       (103,128)
LUT__21325|out                                EFX_LUT4      0.000             1.511               4       (103,128)
n10326                                        net           0.219             1.730               4       (103,128)
   Routing elements:
      Manhattan distance of X:4, Y:1
LUT__21345|in[1]                              EFX_LUT4      0.055             1.785               4       (99,127) 
LUT__21345|out                                EFX_LUT4      0.000             1.785              10       (99,127) 
n10338                                        net           0.350             2.135              10       (99,127) 
   Routing elements:
      Manhattan distance of X:9, Y:4
LUT__21347|in[1]                              EFX_LUT4      0.055             2.190              10       (90,123) 
LUT__21347|out                                EFX_LUT4      0.000             2.190               9       (90,123) 
n10340                                        net           0.176             2.366               9       (90,123) 
   Routing elements:
      Manhattan distance of X:0, Y:1
LUT__26213|in[1]                              EFX_LUT4      0.055             2.421               9       (90,124) 
LUT__26213|out                                EFX_LUT4      0.000             2.421               8       (90,124) 
n15060                                        net           0.407             2.828               8       (90,124) 
   Routing elements:
      Manhattan distance of X:2, Y:5
LUT__26218|in[1]                              EFX_LUT4      0.054             2.882               8       (88,129) 
LUT__26218|out                                EFX_LUT4      0.000             2.882               5       (88,129) 
n15063                                        net           0.318             3.200               5       (88,129) 
   Routing elements:
      Manhattan distance of X:1, Y:1
LUT__26223|in[2]                              EFX_LUT4      0.054             3.254               5       (89,130) 
LUT__26223|out                                EFX_LUT4      0.000             3.254              21       (89,130) 
i96/n34                                       net           1.229             4.483              21       (89,130) 
   Routing elements:
      Manhattan distance of X:20, Y:28
i96/u_edge_full_frame/fifo_mem[6][10]~FF|CE   EFX_FF        0.091             4.574              21       (109,158)

Capture Clock Path
                    name                      model name   delay (ns)  cumulative delay (ns) pins on net    location
======================================================================================================================
cmos_pclk                                       input        0.000             0.000                0      (111,323)
cmos_pclk                                       input        0.110             0.110             1721      (111,323)
cmos_pclk                                       net          1.701             1.811             1721      (111,323)
   Routing elements:
      Manhattan distance of X:2, Y:165
i96/u_edge_full_frame/fifo_mem[6][10]~FF|CLK    EFX_FF       0.000             1.811             1721      (109,158)

++++ Path 8 ++++++++++++++++++++++++++++++++++++++++++++++++++++++++++++++++++++

Path Begin    : u_edge_full_frame/emit_y[2]~FF|CLK         
Path End      : i96/u_edge_full_frame/fifo_mem[5][17]~FF|CE
Launch Clock  : cmos_pclk (RISE)                           
Capture Clock : cmos_pclk (RISE)                           
Slack         : 5.330 (required time - arrival time)       
Delay         : 4.356                                      

Logic Level             : 8
Non-global nets on path : 9
Global nets on path     : 0

Launch Clock Path Delay        : 1.811
+ Clock To Q + Data Path Delay : 4.560
--------------------------------------
End-of-path arrival time       : 6.371

Constraint                     : 10.000
+ Capture Clock Path Delay     :  1.811
- Clock Uncertainty            :  0.110
---------------------------------------
End-of-path required time      : 11.701

Launch Clock Path
               name                 model name   delay (ns)  cumulative delay (ns) pins on net    location
============================================================================================================
cmos_pclk                             input        0.000             0.000                0      (111,323)
cmos_pclk                             input        0.110             0.110             1721      (111,323)
cmos_pclk                             net          1.701             1.811             1721      (111,323)
   Routing elements:
      Manhattan distance of X:7, Y:186
u_edge_full_frame/emit_y[2]~FF|CLK    EFX_FF       0.000             1.811             1721      (104,137)

Data Path
                   name                      model name   delay (ns)  cumulative delay (ns) pins on net    location
=====================================================================================================================
u_edge_full_frame/emit_y[2]~FF|Q              EFX_FF        0.113             0.113               7       (104,137)
u_edge_full_frame/emit_y[2]                   net           0.918             1.031               7       (104,137)
   Routing elements:
      Manhattan distance of X:2, Y:9
LUT__21319|in[2]                              EFX_LUT4      0.054             1.085               7       (106,128)
LUT__21319|out                                EFX_LUT4      0.000             1.085               2       (106,128)
n10320                                        net           0.053             1.138               2       (106,128)
   Routing elements:
      Manhattan distance of X:0, Y:1
LUT__21321|in[1]                              EFX_LUT4      0.054             1.192               2       (106,127)
LUT__21321|out                                EFX_LUT4      0.000             1.192               3       (106,127)
n10322                                        net           0.265             1.457               3       (106,127)
   Routing elements:
      Manhattan distance of X:3, Y:1
LUT__21325|in[2]                              EFX_LUT4      0.054             1.511               3       (103,128)
LUT__21325|out                                EFX_LUT4      0.000             1.511               4       (103,128)
n10326                                        net           0.219             1.730               4       (103,128)
   Routing elements:
      Manhattan distance of X:4, Y:1
LUT__21345|in[1]                              EFX_LUT4      0.055             1.785               4       (99,127) 
LUT__21345|out                                EFX_LUT4      0.000             1.785              10       (99,127) 
n10338                                        net           0.350             2.135              10       (99,127) 
   Routing elements:
      Manhattan distance of X:9, Y:4
LUT__21347|in[1]                              EFX_LUT4      0.055             2.190              10       (90,123) 
LUT__21347|out                                EFX_LUT4      0.000             2.190               9       (90,123) 
n10340                                        net           0.176             2.366               9       (90,123) 
   Routing elements:
      Manhattan distance of X:0, Y:1
LUT__26213|in[1]                              EFX_LUT4      0.055             2.421               9       (90,124) 
LUT__26213|out                                EFX_LUT4      0.000             2.421               8       (90,124) 
n15060                                        net           0.256             2.677               8       (90,124) 
   Routing elements:
      Manhattan distance of X:1, Y:1
LUT__26216|in[2]                              EFX_LUT4      0.054             2.731               8       (89,125) 
LUT__26216|out                                EFX_LUT4      0.000             2.731               5       (89,125) 
n15062                                        net           0.628             3.359               5       (89,125) 
   Routing elements:
      Manhattan distance of X:2, Y:6
LUT__26222|in[2]                              EFX_LUT4      0.054             3.413               5       (91,131) 
LUT__26222|out                                EFX_LUT4      0.000             3.413              21       (91,131) 
i96/n35                                       net           1.056             4.469              21       (91,131) 
   Routing elements:
      Manhattan distance of X:13, Y:8
i96/u_edge_full_frame/fifo_mem[5][17]~FF|CE   EFX_FF        0.091             4.560              21       (104,139)

Capture Clock Path
                    name                      model name   delay (ns)  cumulative delay (ns) pins on net    location
======================================================================================================================
cmos_pclk                                       input        0.000             0.000                0      (111,323)
cmos_pclk                                       input        0.110             0.110             1721      (111,323)
cmos_pclk                                       net          1.701             1.811             1721      (111,323)
   Routing elements:
      Manhattan distance of X:7, Y:184
i96/u_edge_full_frame/fifo_mem[5][17]~FF|CLK    EFX_FF       0.000             1.811             1721      (104,139)

++++ Path 9 ++++++++++++++++++++++++++++++++++++++++++++++++++++++++++++++++++++

Path Begin    : u_edge_full_frame/emit_y[2]~FF|CLK        
Path End      : i96/u_edge_full_frame/fifo_mem[8][7]~FF|CE
Launch Clock  : cmos_pclk (RISE)                          
Capture Clock : cmos_pclk (RISE)                          
Slack         : 5.345 (required time - arrival time)      
Delay         : 4.341                                     

Logic Level             : 8
Non-global nets on path : 9
Global nets on path     : 0

Launch Clock Path Delay        : 1.811
+ Clock To Q + Data Path Delay : 4.545
--------------------------------------
End-of-path arrival time       : 6.356

Constraint                     : 10.000
+ Capture Clock Path Delay     :  1.811
- Clock Uncertainty            :  0.110
---------------------------------------
End-of-path required time      : 11.701

Launch Clock Path
               name                 model name   delay (ns)  cumulative delay (ns) pins on net    location
============================================================================================================
cmos_pclk                             input        0.000             0.000                0      (111,323)
cmos_pclk                             input        0.110             0.110             1721      (111,323)
cmos_pclk                             net          1.701             1.811             1721      (111,323)
   Routing elements:
      Manhattan distance of X:7, Y:186
u_edge_full_frame/emit_y[2]~FF|CLK    EFX_FF       0.000             1.811             1721      (104,137)

Data Path
                   name                     model name   delay (ns)  cumulative delay (ns) pins on net    location
====================================================================================================================
u_edge_full_frame/emit_y[2]~FF|Q             EFX_FF        0.113             0.113               7       (104,137)
u_edge_full_frame/emit_y[2]                  net           0.918             1.031               7       (104,137)
   Routing elements:
      Manhattan distance of X:2, Y:9
LUT__21319|in[2]                             EFX_LUT4      0.054             1.085               7       (106,128)
LUT__21319|out                               EFX_LUT4      0.000             1.085               2       (106,128)
n10320                                       net           0.053             1.138               2       (106,128)
   Routing elements:
      Manhattan distance of X:0, Y:1
LUT__21321|in[1]                             EFX_LUT4      0.054             1.192               2       (106,127)
LUT__21321|out                               EFX_LUT4      0.000             1.192               3       (106,127)
n10322                                       net           0.265             1.457               3       (106,127)
   Routing elements:
      Manhattan distance of X:3, Y:1
LUT__21325|in[2]                             EFX_LUT4      0.054             1.511               3       (103,128)
LUT__21325|out                               EFX_LUT4      0.000             1.511               4       (103,128)
n10326                                       net           0.219             1.730               4       (103,128)
   Routing elements:
      Manhattan distance of X:4, Y:1
LUT__21345|in[1]                             EFX_LUT4      0.055             1.785               4       (99,127) 
LUT__21345|out                               EFX_LUT4      0.000             1.785              10       (99,127) 
n10338                                       net           0.350             2.135              10       (99,127) 
   Routing elements:
      Manhattan distance of X:9, Y:4
LUT__21347|in[1]                             EFX_LUT4      0.055             2.190              10       (90,123) 
LUT__21347|out                               EFX_LUT4      0.000             2.190               9       (90,123) 
n10340                                       net           0.176             2.366               9       (90,123) 
   Routing elements:
      Manhattan distance of X:0, Y:1
LUT__26213|in[1]                             EFX_LUT4      0.055             2.421               9       (90,124) 
LUT__26213|out                               EFX_LUT4      0.000             2.421               8       (90,124) 
n15060                                       net           0.426             2.847               8       (90,124) 
   Routing elements:
      Manhattan distance of X:2, Y:4
LUT__26214|in[2]                             EFX_LUT4      0.054             2.901               8       (88,128) 
LUT__26214|out                               EFX_LUT4      0.000             2.901               5       (88,128) 
n15061                                       net           0.328             3.229               5       (88,128) 
   Routing elements:
      Manhattan distance of X:5, Y:2
LUT__26225|in[1]                             EFX_LUT4      0.055             3.284               5       (93,130) 
LUT__26225|out                               EFX_LUT4      0.000             3.284              21       (93,130) 
i96/n32                                      net           1.170             4.454              21       (93,130) 
   Routing elements:
      Manhattan distance of X:28, Y:21
i96/u_edge_full_frame/fifo_mem[8][7]~FF|CE   EFX_FF        0.091             4.545              21       (121,151)

Capture Clock Path
                   name                      model name   delay (ns)  cumulative delay (ns) pins on net    location
=====================================================================================================================
cmos_pclk                                      input        0.000             0.000                0      (111,323)
cmos_pclk                                      input        0.110             0.110             1721      (111,323)
cmos_pclk                                      net          1.701             1.811             1721      (111,323)
   Routing elements:
      Manhattan distance of X:10, Y:172
i96/u_edge_full_frame/fifo_mem[8][7]~FF|CLK    EFX_FF       0.000             1.811             1721      (121,151)

++++ Path 10 +++++++++++++++++++++++++++++++++++++++++++++++++++++++++++++++++++

Path Begin    : u_edge_full_frame/emit_y[2]~FF|CLK         
Path End      : i96/u_edge_full_frame/fifo_mem[6][17]~FF|CE
Launch Clock  : cmos_pclk (RISE)                           
Capture Clock : cmos_pclk (RISE)                           
Slack         : 5.356 (required time - arrival time)       
Delay         : 4.330                                      

Logic Level             : 8
Non-global nets on path : 9
Global nets on path     : 0

Launch Clock Path Delay        : 1.811
+ Clock To Q + Data Path Delay : 4.534
--------------------------------------
End-of-path arrival time       : 6.345

Constraint                     : 10.000
+ Capture Clock Path Delay     :  1.811
- Clock Uncertainty            :  0.110
---------------------------------------
End-of-path required time      : 11.701

Launch Clock Path
               name                 model name   delay (ns)  cumulative delay (ns) pins on net    location
============================================================================================================
cmos_pclk                             input        0.000             0.000                0      (111,323)
cmos_pclk                             input        0.110             0.110             1721      (111,323)
cmos_pclk                             net          1.701             1.811             1721      (111,323)
   Routing elements:
      Manhattan distance of X:7, Y:186
u_edge_full_frame/emit_y[2]~FF|CLK    EFX_FF       0.000             1.811             1721      (104,137)

Data Path
                   name                      model name   delay (ns)  cumulative delay (ns) pins on net    location
=====================================================================================================================
u_edge_full_frame/emit_y[2]~FF|Q              EFX_FF        0.113             0.113               7       (104,137)
u_edge_full_frame/emit_y[2]                   net           0.918             1.031               7       (104,137)
   Routing elements:
      Manhattan distance of X:2, Y:9
LUT__21319|in[2]                              EFX_LUT4      0.054             1.085               7       (106,128)
LUT__21319|out                                EFX_LUT4      0.000             1.085               2       (106,128)
n10320                                        net           0.053             1.138               2       (106,128)
   Routing elements:
      Manhattan distance of X:0, Y:1
LUT__21321|in[1]                              EFX_LUT4      0.054             1.192               2       (106,127)
LUT__21321|out                                EFX_LUT4      0.000             1.192               3       (106,127)
n10322                                        net           0.265             1.457               3       (106,127)
   Routing elements:
      Manhattan distance of X:3, Y:1
LUT__21325|in[2]                              EFX_LUT4      0.054             1.511               3       (103,128)
LUT__21325|out                                EFX_LUT4      0.000             1.511               4       (103,128)
n10326                                        net           0.219             1.730               4       (103,128)
   Routing elements:
      Manhattan distance of X:4, Y:1
LUT__21345|in[1]                              EFX_LUT4      0.055             1.785               4       (99,127) 
LUT__21345|out                                EFX_LUT4      0.000             1.785              10       (99,127) 
n10338                                        net           0.350             2.135              10       (99,127) 
   Routing elements:
      Manhattan distance of X:9, Y:4
LUT__21347|in[1]                              EFX_LUT4      0.055             2.190              10       (90,123) 
LUT__21347|out                                EFX_LUT4      0.000             2.190               9       (90,123) 
n10340                                        net           0.176             2.366               9       (90,123) 
   Routing elements:
      Manhattan distance of X:0, Y:1
LUT__26213|in[1]                              EFX_LUT4      0.055             2.421               9       (90,124) 
LUT__26213|out                                EFX_LUT4      0.000             2.421               8       (90,124) 
n15060                                        net           0.407             2.828               8       (90,124) 
   Routing elements:
      Manhattan distance of X:2, Y:5
LUT__26218|in[1]                              EFX_LUT4      0.054             2.882               8       (88,129) 
LUT__26218|out                                EFX_LUT4      0.000             2.882               5       (88,129) 
n15063                                        net           0.318             3.200               5       (88,129) 
   Routing elements:
      Manhattan distance of X:1, Y:1
LUT__26223|in[2]                              EFX_LUT4      0.054             3.254               5       (89,130) 
LUT__26223|out                                EFX_LUT4      0.000             3.254              21       (89,130) 
i96/n34                                       net           1.189             4.443              21       (89,130) 
   Routing elements:
      Manhattan distance of X:16, Y:10
i96/u_edge_full_frame/fifo_mem[6][17]~FF|CE   EFX_FF        0.091             4.534              21       (105,140)

Capture Clock Path
                    name                      model name   delay (ns)  cumulative delay (ns) pins on net    location
======================================================================================================================
cmos_pclk                                       input        0.000             0.000                0      (111,323)
cmos_pclk                                       input        0.110             0.110             1721      (111,323)
cmos_pclk                                       net          1.701             1.811             1721      (111,323)
   Routing elements:
      Manhattan distance of X:6, Y:183
i96/u_edge_full_frame/fifo_mem[6][17]~FF|CLK    EFX_FF       0.000             1.811             1721      (105,140)

---------- Path Details for Max Critical Paths (end) ---------------

---------- 4. Path Details for Min Critical Paths (begin) ----------

################################################################################
Path Detail Report (cmos_pclk vs cmos_pclk)
################################################################################


++++ Path 1 ++++++++++++++++++++++++++++++++++++++++++++++++++++++++++++++++++++

Path Begin    : u_framebuffer/mem_wdata[32]~FF|CLK                            
Path End      : u_framebuffer/u_f1_l2/g_native_blocks.g_ram[4].u_ram|WDATA[11]
Launch Clock  : cmos_pclk (RISE)                                              
Capture Clock : cmos_pclk (RISE)                                              
Slack         : 0.080 (arrival time - required time)                          
Delay         : 0.189                                                         

Logic Level             : 0
Non-global nets on path : 1
Global nets on path     : 0

Launch Clock Path Delay        : 1.172
+ Clock To Q + Data Path Delay : 0.150
--------------------------------------
End-of-path arrival time       : 1.322

Constraint                     : 0.000
+ Capture Clock Path Delay     : 1.172
+ Clock Uncertainty            : 0.070
--------------------------------------
End-of-path required time      : 1.242

Launch Clock Path
               name                 model name   delay (ns)  cumulative delay (ns) pins on net    location
============================================================================================================
cmos_pclk                             input        0.000             0.000                0      (111,323)
cmos_pclk                             input        0.070             0.070             1721      (111,323)
cmos_pclk                             net          1.102             1.172             1721      (111,323)
   Routing elements:
      Manhattan distance of X:60, Y:195
u_framebuffer/mem_wdata[32]~FF|CLK    EFX_FF       0.000             1.172             1721      (51,128) 

Data Path
                             name                               model name   delay (ns)  cumulative delay (ns) pins on net    location
========================================================================================================================================
u_framebuffer/mem_wdata[32]~FF|Q                                EFX_FF          0.072            0.072             961        (51,128)
u_framebuffer/mem_wdata[32]                                     net             0.189            0.261             961        (51,128)
   Routing elements:
      Manhattan distance of X:3, Y:6
u_framebuffer/u_f1_l2/g_native_blocks.g_ram[4].u_ram|WDATA[11]  EFX_RAM10      -0.111            0.150             961        (48,122)

Capture Clock Path
                          name                             model name   delay (ns)  cumulative delay (ns) pins on net    location
===================================================================================================================================
cmos_pclk                                                  input          0.000             0.000                0      (111,323)
cmos_pclk                                                  input          0.070             0.070             1721      (111,323)
cmos_pclk                                                  net            1.102             1.172             1721      (111,323)
   Routing elements:
      Manhattan distance of X:63, Y:201
u_framebuffer/u_f1_l2/g_native_blocks.g_ram[4].u_ram|WCLK  EFX_RAM10      0.000             1.172             1721      (48,122) 

++++ Path 2 ++++++++++++++++++++++++++++++++++++++++++++++++++++++++++++++++++++

Path Begin    : u_framebuffer/mem_wdata[48]~FF|CLK                           
Path End      : u_framebuffer/u_f1_l2/g_native_blocks.g_ram[4].u_ram|WDATA[3]
Launch Clock  : cmos_pclk (RISE)                                             
Capture Clock : cmos_pclk (RISE)                                             
Slack         : 0.085 (arrival time - required time)                         
Delay         : 0.194                                                        

Logic Level             : 0
Non-global nets on path : 1
Global nets on path     : 0

Launch Clock Path Delay        : 1.172
+ Clock To Q + Data Path Delay : 0.155
--------------------------------------
End-of-path arrival time       : 1.327

Constraint                     : 0.000
+ Capture Clock Path Delay     : 1.172
+ Clock Uncertainty            : 0.070
--------------------------------------
End-of-path required time      : 1.242

Launch Clock Path
               name                 model name   delay (ns)  cumulative delay (ns) pins on net    location
============================================================================================================
cmos_pclk                             input        0.000             0.000                0      (111,323)
cmos_pclk                             input        0.070             0.070             1721      (111,323)
cmos_pclk                             net          1.102             1.172             1721      (111,323)
   Routing elements:
      Manhattan distance of X:60, Y:203
u_framebuffer/mem_wdata[48]~FF|CLK    EFX_FF       0.000             1.172             1721      (51,120) 

Data Path
                            name                               model name   delay (ns)  cumulative delay (ns) pins on net    location
=======================================================================================================================================
u_framebuffer/mem_wdata[48]~FF|Q                               EFX_FF          0.072            0.072             961        (51,120)
u_framebuffer/mem_wdata[48]                                    net             0.194            0.266             961        (51,120)
   Routing elements:
      Manhattan distance of X:3, Y:2
u_framebuffer/u_f1_l2/g_native_blocks.g_ram[4].u_ram|WDATA[3]  EFX_RAM10      -0.111            0.155             961        (48,122)

Capture Clock Path
                          name                             model name   delay (ns)  cumulative delay (ns) pins on net    location
===================================================================================================================================
cmos_pclk                                                  input          0.000             0.000                0      (111,323)
cmos_pclk                                                  input          0.070             0.070             1721      (111,323)
cmos_pclk                                                  net            1.102             1.172             1721      (111,323)
   Routing elements:
      Manhattan distance of X:63, Y:201
u_framebuffer/u_f1_l2/g_native_blocks.g_ram[4].u_ram|WCLK  EFX_RAM10      0.000             1.172             1721      (48,122) 

++++ Path 3 ++++++++++++++++++++++++++++++++++++++++++++++++++++++++++++++++++++

Path Begin    : u_gray_window_3x3/current_s1[5]~FF|CLK
Path End      : u_gray_window_3x3/current_s2[5]~FF|D  
Launch Clock  : cmos_pclk (RISE)                      
Capture Clock : cmos_pclk (RISE)                      
Slack         : 0.090 (arrival time - required time)  
Delay         : 0.088                                 

Logic Level             : 0
Non-global nets on path : 1
Global nets on path     : 0

Launch Clock Path Delay        : 1.172
+ Clock To Q + Data Path Delay : 0.160
--------------------------------------
End-of-path arrival time       : 1.332

Constraint                     : 0.000
+ Capture Clock Path Delay     : 1.172
+ Clock Uncertainty            : 0.070
--------------------------------------
End-of-path required time      : 1.242

Launch Clock Path
                 name                   model name   delay (ns)  cumulative delay (ns) pins on net    location
================================================================================================================
cmos_pclk                                 input        0.000             0.000                0      (111,323)
cmos_pclk                                 input        0.070             0.070             1721      (111,323)
cmos_pclk                                 net          1.102             1.172             1721      (111,323)
   Routing elements:
      Manhattan distance of X:15, Y:265
u_gray_window_3x3/current_s1[5]~FF|CLK    EFX_FF       0.000             1.172             1721      (126,58) 

Data Path
                name                  model name   delay (ns)  cumulative delay (ns) pins on net    location
==============================================================================================================
u_gray_window_3x3/current_s1[5]~FF|Q    EFX_FF       0.072             0.072              2         (126,58)
u_gray_window_3x3/current_s1[5]         net          0.088             0.160              2         (126,58)
   Routing elements:
      Manhattan distance of X:2, Y:0
u_gray_window_3x3/current_s2[5]~FF|D    EFX_FF       0.000             0.160              2         (124,58)

Capture Clock Path
                 name                   model name   delay (ns)  cumulative delay (ns) pins on net    location
================================================================================================================
cmos_pclk                                 input        0.000             0.000                0      (111,323)
cmos_pclk                                 input        0.070             0.070             1721      (111,323)
cmos_pclk                                 net          1.102             1.172             1721      (111,323)
   Routing elements:
      Manhattan distance of X:13, Y:265
u_gray_window_3x3/current_s2[5]~FF|CLK    EFX_FF       0.000             1.172             1721      (124,58) 

++++ Path 4 ++++++++++++++++++++++++++++++++++++++++++++++++++++++++++++++++++++

Path Begin    : u_gray_window_3x3/current_s2[6]~FF|CLK
Path End      : u_gray_window_3x3/bottom_m1[6]~FF|D   
Launch Clock  : cmos_pclk (RISE)                      
Capture Clock : cmos_pclk (RISE)                      
Slack         : 0.091 (arrival time - required time)  
Delay         : 0.089                                 

Logic Level             : 1
Non-global nets on path : 2
Global nets on path     : 0

Launch Clock Path Delay        : 1.172
+ Clock To Q + Data Path Delay : 0.161
--------------------------------------
End-of-path arrival time       : 1.333

Constraint                     : 0.000
+ Capture Clock Path Delay     : 1.172
+ Clock Uncertainty            : 0.070
--------------------------------------
End-of-path required time      : 1.242

Launch Clock Path
                 name                   model name   delay (ns)  cumulative delay (ns) pins on net    location
================================================================================================================
cmos_pclk                                 input        0.000             0.000                0      (111,323)
cmos_pclk                                 input        0.070             0.070             1721      (111,323)
cmos_pclk                                 net          1.102             1.172             1721      (111,323)
   Routing elements:
      Manhattan distance of X:15, Y:254
u_gray_window_3x3/current_s2[6]~FF|CLK    EFX_FF       0.000             1.172             1721      (126,69) 

Data Path
                name                  model name   delay (ns)  cumulative delay (ns) pins on net    location
==============================================================================================================
u_gray_window_3x3/current_s2[6]~FF|Q   EFX_FF        0.072             0.072              3         (126,69)
u_gray_window_3x3/current_s2[6]        net           0.055             0.127              3         (126,69)
   Routing elements:
      Manhattan distance of X:4, Y:0
LUT__21302|in[1]                       EFX_LUT4      0.034             0.161              3         (130,69)
LUT__21302|out                         EFX_LUT4      0.000             0.161              2         (130,69)
u_gray_window_3x3/n499                 net           0.000             0.161              2         (130,69)
u_gray_window_3x3/bottom_m1[6]~FF|D    EFX_FF        0.000             0.161              2         (130,69)

Capture Clock Path
                name                   model name   delay (ns)  cumulative delay (ns) pins on net    location
===============================================================================================================
cmos_pclk                                input        0.000             0.000                0      (111,323)
cmos_pclk                                input        0.070             0.070             1721      (111,323)
cmos_pclk                                net          1.102             1.172             1721      (111,323)
   Routing elements:
      Manhattan distance of X:19, Y:254
u_gray_window_3x3/bottom_m1[6]~FF|CLK    EFX_FF       0.000             1.172             1721      (130,69) 

++++ Path 5 ++++++++++++++++++++++++++++++++++++++++++++++++++++++++++++++++++++

Path Begin    : u_framebuffer/write_word_count[9]~FF|CLK
Path End      : u_framebuffer/mem_waddr[9]~FF|D         
Launch Clock  : cmos_pclk (RISE)                        
Capture Clock : cmos_pclk (RISE)                        
Slack         : 0.091 (arrival time - required time)    
Delay         : 0.089                                   

Logic Level             : 0
Non-global nets on path : 1
Global nets on path     : 0

Launch Clock Path Delay        : 1.172
+ Clock To Q + Data Path Delay : 0.161
--------------------------------------
End-of-path arrival time       : 1.333

Constraint                     : 0.000
+ Capture Clock Path Delay     : 1.172
+ Clock Uncertainty            : 0.070
--------------------------------------
End-of-path required time      : 1.242

Launch Clock Path
                  name                    model name   delay (ns)  cumulative delay (ns) pins on net    location
==================================================================================================================
cmos_pclk                                   input        0.000             0.000                0      (111,323)
cmos_pclk                                   input        0.070             0.070             1721      (111,323)
cmos_pclk                                   net          1.102             1.172             1721      (111,323)
   Routing elements:
      Manhattan distance of X:45, Y:94
u_framebuffer/write_word_count[9]~FF|CLK    EFX_FF       0.000             1.172             1721      (66,229) 

Data Path
                 name                   model name   delay (ns)  cumulative delay (ns) pins on net    location
================================================================================================================
u_framebuffer/write_word_count[9]~FF|Q    EFX_FF       0.072             0.072              4         (66,229)
u_framebuffer/write_word_count[9]         net          0.089             0.161              4         (66,229)
   Routing elements:
      Manhattan distance of X:4, Y:0
u_framebuffer/mem_waddr[9]~FF|D           EFX_FF       0.000             0.161              4         (70,229)

Capture Clock Path
              name                 model name   delay (ns)  cumulative delay (ns) pins on net    location
===========================================================================================================
cmos_pclk                            input        0.000             0.000                0      (111,323)
cmos_pclk                            input        0.070             0.070             1721      (111,323)
cmos_pclk                            net          1.102             1.172             1721      (111,323)
   Routing elements:
      Manhattan distance of X:41, Y:94
u_framebuffer/mem_waddr[9]~FF|CLK    EFX_FF       0.000             1.172             1721      (70,229) 

++++ Path 6 ++++++++++++++++++++++++++++++++++++++++++++++++++++++++++++++++++++

Path Begin    : u_framebuffer/write_word_count[10]~FF|CLK
Path End      : u_framebuffer/mem_waddr[10]~FF|D         
Launch Clock  : cmos_pclk (RISE)                         
Capture Clock : cmos_pclk (RISE)                         
Slack         : 0.091 (arrival time - required time)     
Delay         : 0.089                                    

Logic Level             : 0
Non-global nets on path : 1
Global nets on path     : 0

Launch Clock Path Delay        : 1.172
+ Clock To Q + Data Path Delay : 0.161
--------------------------------------
End-of-path arrival time       : 1.333

Constraint                     : 0.000
+ Capture Clock Path Delay     : 1.172
+ Clock Uncertainty            : 0.070
--------------------------------------
End-of-path required time      : 1.242

Launch Clock Path
                  name                     model name   delay (ns)  cumulative delay (ns) pins on net    location
===================================================================================================================
cmos_pclk                                    input        0.000             0.000                0      (111,323)
cmos_pclk                                    input        0.070             0.070             1721      (111,323)
cmos_pclk                                    net          1.102             1.172             1721      (111,323)
   Routing elements:
      Manhattan distance of X:45, Y:93
u_framebuffer/write_word_count[10]~FF|CLK    EFX_FF       0.000             1.172             1721      (66,230) 

Data Path
                 name                    model name   delay (ns)  cumulative delay (ns) pins on net    location
=================================================================================================================
u_framebuffer/write_word_count[10]~FF|Q    EFX_FF       0.072             0.072              4         (66,230)
u_framebuffer/write_word_count[10]         net          0.089             0.161              4         (66,230)
   Routing elements:
      Manhattan distance of X:4, Y:0
u_framebuffer/mem_waddr[10]~FF|D           EFX_FF       0.000             0.161              4         (70,230)

Capture Clock Path
               name                 model name   delay (ns)  cumulative delay (ns) pins on net    location
============================================================================================================
cmos_pclk                             input        0.000             0.000                0      (111,323)
cmos_pclk                             input        0.070             0.070             1721      (111,323)
cmos_pclk                             net          1.102             1.172             1721      (111,323)
   Routing elements:
      Manhattan distance of X:41, Y:93
u_framebuffer/mem_waddr[10]~FF|CLK    EFX_FF       0.000             1.172             1721      (70,230) 

++++ Path 7 ++++++++++++++++++++++++++++++++++++++++++++++++++++++++++++++++++++

Path Begin    : sobel_x[2]~FF|CLK                          
Path End      : i96/u_edge_full_frame/fifo_mem[15][11]~FF|D
Launch Clock  : cmos_pclk (RISE)                           
Capture Clock : cmos_pclk (RISE)                           
Slack         : 0.091 (arrival time - required time)       
Delay         : 0.089                                      

Logic Level             : 0
Non-global nets on path : 1
Global nets on path     : 0

Launch Clock Path Delay        : 1.172
+ Clock To Q + Data Path Delay : 0.161
--------------------------------------
End-of-path arrival time       : 1.333

Constraint                     : 0.000
+ Capture Clock Path Delay     : 1.172
+ Clock Uncertainty            : 0.070
--------------------------------------
End-of-path required time      : 1.242

Launch Clock Path
      name         model name   delay (ns)  cumulative delay (ns) pins on net    location
===========================================================================================
cmos_pclk            input        0.000             0.000                0      (111,323)
cmos_pclk            input        0.070             0.070             1721      (111,323)
cmos_pclk            net          1.102             1.172             1721      (111,323)
   Routing elements:
      Manhattan distance of X:16, Y:181
sobel_x[2]~FF|CLK    EFX_FF       0.000             1.172             1721      (127,142)

Data Path
                   name                      model name   delay (ns)  cumulative delay (ns) pins on net    location
=====================================================================================================================
sobel_x[2]~FF|Q                                EFX_FF       0.072             0.072              17       (127,142)
sobel_x[2]                                     net          0.089             0.161              17       (127,142)
   Routing elements:
      Manhattan distance of X:2, Y:0
i96/u_edge_full_frame/fifo_mem[15][11]~FF|D    EFX_FF       0.000             0.161              17       (125,142)

Capture Clock Path
                    name                       model name   delay (ns)  cumulative delay (ns) pins on net    location
=======================================================================================================================
cmos_pclk                                        input        0.000             0.000                0      (111,323)
cmos_pclk                                        input        0.070             0.070             1721      (111,323)
cmos_pclk                                        net          1.102             1.172             1721      (111,323)
   Routing elements:
      Manhattan distance of X:14, Y:181
i96/u_edge_full_frame/fifo_mem[15][11]~FF|CLK    EFX_FF       0.000             1.172             1721      (125,142)

++++ Path 8 ++++++++++++++++++++++++++++++++++++++++++++++++++++++++++++++++++++

Path Begin    : u_framebuffer/write_word_count[5]~FF|CLK
Path End      : u_framebuffer/mem_waddr[5]~FF|D         
Launch Clock  : cmos_pclk (RISE)                        
Capture Clock : cmos_pclk (RISE)                        
Slack         : 0.091 (arrival time - required time)    
Delay         : 0.089                                   

Logic Level             : 0
Non-global nets on path : 1
Global nets on path     : 0

Launch Clock Path Delay        : 1.172
+ Clock To Q + Data Path Delay : 0.161
--------------------------------------
End-of-path arrival time       : 1.333

Constraint                     : 0.000
+ Capture Clock Path Delay     : 1.172
+ Clock Uncertainty            : 0.070
--------------------------------------
End-of-path required time      : 1.242

Launch Clock Path
                  name                    model name   delay (ns)  cumulative delay (ns) pins on net    location
==================================================================================================================
cmos_pclk                                   input        0.000             0.000                0      (111,323)
cmos_pclk                                   input        0.070             0.070             1721      (111,323)
cmos_pclk                                   net          1.102             1.172             1721      (111,323)
   Routing elements:
      Manhattan distance of X:45, Y:98
u_framebuffer/write_word_count[5]~FF|CLK    EFX_FF       0.000             1.172             1721      (66,225) 

Data Path
                 name                   model name   delay (ns)  cumulative delay (ns) pins on net    location
================================================================================================================
u_framebuffer/write_word_count[5]~FF|Q    EFX_FF       0.072             0.072              4         (66,225)
u_framebuffer/write_word_count[5]         net          0.089             0.161              4         (66,225)
   Routing elements:
      Manhattan distance of X:4, Y:0
u_framebuffer/mem_waddr[5]~FF|D           EFX_FF       0.000             0.161              4         (70,225)

Capture Clock Path
              name                 model name   delay (ns)  cumulative delay (ns) pins on net    location
===========================================================================================================
cmos_pclk                            input        0.000             0.000                0      (111,323)
cmos_pclk                            input        0.070             0.070             1721      (111,323)
cmos_pclk                            net          1.102             1.172             1721      (111,323)
   Routing elements:
      Manhattan distance of X:41, Y:98
u_framebuffer/mem_waddr[5]~FF|CLK    EFX_FF       0.000             1.172             1721      (70,225) 

++++ Path 9 ++++++++++++++++++++++++++++++++++++++++++++++++++++++++++++++++++++

Path Begin    : u_framebuffer/write_word_count[13]~FF|CLK
Path End      : u_framebuffer/mem_waddr[13]~FF|D         
Launch Clock  : cmos_pclk (RISE)                         
Capture Clock : cmos_pclk (RISE)                         
Slack         : 0.091 (arrival time - required time)     
Delay         : 0.089                                    

Logic Level             : 0
Non-global nets on path : 1
Global nets on path     : 0

Launch Clock Path Delay        : 1.172
+ Clock To Q + Data Path Delay : 0.161
--------------------------------------
End-of-path arrival time       : 1.333

Constraint                     : 0.000
+ Capture Clock Path Delay     : 1.172
+ Clock Uncertainty            : 0.070
--------------------------------------
End-of-path required time      : 1.242

Launch Clock Path
                  name                     model name   delay (ns)  cumulative delay (ns) pins on net    location
===================================================================================================================
cmos_pclk                                    input        0.000             0.000                0      (111,323)
cmos_pclk                                    input        0.070             0.070             1721      (111,323)
cmos_pclk                                    net          1.102             1.172             1721      (111,323)
   Routing elements:
      Manhattan distance of X:45, Y:90
u_framebuffer/write_word_count[13]~FF|CLK    EFX_FF       0.000             1.172             1721      (66,233) 

Data Path
                 name                    model name   delay (ns)  cumulative delay (ns) pins on net    location
=================================================================================================================
u_framebuffer/write_word_count[13]~FF|Q    EFX_FF       0.072             0.072              4         (66,233)
u_framebuffer/write_word_count[13]         net          0.089             0.161              4         (66,233)
   Routing elements:
      Manhattan distance of X:4, Y:0
u_framebuffer/mem_waddr[13]~FF|D           EFX_FF       0.000             0.161              4         (70,233)

Capture Clock Path
               name                 model name   delay (ns)  cumulative delay (ns) pins on net    location
============================================================================================================
cmos_pclk                             input        0.000             0.000                0      (111,323)
cmos_pclk                             input        0.070             0.070             1721      (111,323)
cmos_pclk                             net          1.102             1.172             1721      (111,323)
   Routing elements:
      Manhattan distance of X:41, Y:90
u_framebuffer/mem_waddr[13]~FF|CLK    EFX_FF       0.000             1.172             1721      (70,233) 

++++ Path 10 +++++++++++++++++++++++++++++++++++++++++++++++++++++++++++++++++++

Path Begin    : sobel_x[4]~FF|CLK                          
Path End      : i96/u_edge_full_frame/fifo_mem[10][13]~FF|D
Launch Clock  : cmos_pclk (RISE)                           
Capture Clock : cmos_pclk (RISE)                           
Slack         : 0.092 (arrival time - required time)       
Delay         : 0.090                                      

Logic Level             : 0
Non-global nets on path : 1
Global nets on path     : 0

Launch Clock Path Delay        : 1.172
+ Clock To Q + Data Path Delay : 0.162
--------------------------------------
End-of-path arrival time       : 1.334

Constraint                     : 0.000
+ Capture Clock Path Delay     : 1.172
+ Clock Uncertainty            : 0.070
--------------------------------------
End-of-path required time      : 1.242

Launch Clock Path
      name         model name   delay (ns)  cumulative delay (ns) pins on net    location
===========================================================================================
cmos_pclk            input        0.000             0.000                0      (111,323)
cmos_pclk            input        0.070             0.070             1721      (111,323)
cmos_pclk            net          1.102             1.172             1721      (111,323)
   Routing elements:
      Manhattan distance of X:15, Y:194
sobel_x[4]~FF|CLK    EFX_FF       0.000             1.172             1721      (126,129)

Data Path
                   name                      model name   delay (ns)  cumulative delay (ns) pins on net    location
=====================================================================================================================
sobel_x[4]~FF|Q                                EFX_FF       0.072             0.072              17       (126,129)
sobel_x[4]                                     net          0.090             0.162              17       (126,129)
   Routing elements:
      Manhattan distance of X:2, Y:0
i96/u_edge_full_frame/fifo_mem[10][13]~FF|D    EFX_FF       0.000             0.162              17       (124,129)

Capture Clock Path
                    name                       model name   delay (ns)  cumulative delay (ns) pins on net    location
=======================================================================================================================
cmos_pclk                                        input        0.000             0.000                0      (111,323)
cmos_pclk                                        input        0.070             0.070             1721      (111,323)
cmos_pclk                                        net          1.102             1.172             1721      (111,323)
   Routing elements:
      Manhattan distance of X:13, Y:194
i96/u_edge_full_frame/fifo_mem[10][13]~FF|CLK    EFX_FF       0.000             1.172             1721      (124,129)

################################################################################
Path Detail Report (clk_sys vs clk_sys)
################################################################################


++++ Path 1 ++++++++++++++++++++++++++++++++++++++++++++++++++++++++++++++++++++

Path Begin    : u_camera/txn_read_data[2]~FF|CLK    
Path End      : u_camera/chip_id[10]~FF|D           
Launch Clock  : clk_sys (RISE)                      
Capture Clock : clk_sys (RISE)                      
Slack         : 0.093 (arrival time - required time)
Delay         : 0.091                               

Logic Level             : 0
Non-global nets on path : 1
Global nets on path     : 0

Launch Clock Path Delay        : 1.226
+ Clock To Q + Data Path Delay : 0.163
--------------------------------------
End-of-path arrival time       : 1.389

Constraint                     : 0.000
+ Capture Clock Path Delay     : 1.226
+ Clock Uncertainty            : 0.070
--------------------------------------
End-of-path required time      : 1.296

Launch Clock Path
              name                model name   delay (ns)  cumulative delay (ns) pins on net    location
==========================================================================================================
clk_sys                             input        0.000             0.000               0       (109,0)  
clk_sys                             input        0.070             0.070             171       (109,0)  
clk_sys                             net          1.156             1.226             171       (109,0)  
   Routing elements:
      Manhattan distance of X:79, Y:309
u_camera/txn_read_data[2]~FF|CLK    EFX_FF       0.000             1.226             171       (188,309)

Data Path
             name               model name   delay (ns)  cumulative delay (ns) pins on net    location
========================================================================================================
u_camera/txn_read_data[2]~FF|Q    EFX_FF       0.072             0.072              3        (188,309)
u_camera/txn_read_data[2]         net          0.091             0.163              3        (188,309)
   Routing elements:
      Manhattan distance of X:4, Y:0
u_camera/chip_id[10]~FF|D         EFX_FF       0.000             0.163              3        (192,309)

Capture Clock Path
           name              model name   delay (ns)  cumulative delay (ns) pins on net    location
=====================================================================================================
clk_sys                        input        0.000             0.000               0       (109,0)  
clk_sys                        input        0.070             0.070             171       (109,0)  
clk_sys                        net          1.156             1.226             171       (109,0)  
   Routing elements:
      Manhattan distance of X:83, Y:309
u_camera/chip_id[10]~FF|CLK    EFX_FF       0.000             1.226             171       (192,309)

++++ Path 2 ++++++++++++++++++++++++++++++++++++++++++++++++++++++++++++++++++++

Path Begin    : u_camera/txn_read_data[2]~FF|CLK    
Path End      : u_camera/chip_id[2]~FF|D            
Launch Clock  : clk_sys (RISE)                      
Capture Clock : clk_sys (RISE)                      
Slack         : 0.095 (arrival time - required time)
Delay         : 0.093                               

Logic Level             : 0
Non-global nets on path : 1
Global nets on path     : 0

Launch Clock Path Delay        : 1.226
+ Clock To Q + Data Path Delay : 0.165
--------------------------------------
End-of-path arrival time       : 1.391

Constraint                     : 0.000
+ Capture Clock Path Delay     : 1.226
+ Clock Uncertainty            : 0.070
--------------------------------------
End-of-path required time      : 1.296

Launch Clock Path
              name                model name   delay (ns)  cumulative delay (ns) pins on net    location
==========================================================================================================
clk_sys                             input        0.000             0.000               0       (109,0)  
clk_sys                             input        0.070             0.070             171       (109,0)  
clk_sys                             net          1.156             1.226             171       (109,0)  
   Routing elements:
      Manhattan distance of X:79, Y:309
u_camera/txn_read_data[2]~FF|CLK    EFX_FF       0.000             1.226             171       (188,309)

Data Path
             name               model name   delay (ns)  cumulative delay (ns) pins on net    location
========================================================================================================
u_camera/txn_read_data[2]~FF|Q    EFX_FF       0.072             0.072              3        (188,309)
u_camera/txn_read_data[2]         net          0.093             0.165              3        (188,309)
   Routing elements:
      Manhattan distance of X:1, Y:0
u_camera/chip_id[2]~FF|D          EFX_FF       0.000             0.165              3        (189,309)

Capture Clock Path
           name             model name   delay (ns)  cumulative delay (ns) pins on net    location
====================================================================================================
clk_sys                       input        0.000             0.000               0       (109,0)  
clk_sys                       input        0.070             0.070             171       (109,0)  
clk_sys                       net          1.156             1.226             171       (109,0)  
   Routing elements:
      Manhattan distance of X:80, Y:309
u_camera/chip_id[2]~FF|CLK    EFX_FF       0.000             1.226             171       (189,309)

++++ Path 3 ++++++++++++++++++++++++++++++++++++++++++++++++++++++++++++++++++++

Path Begin    : u_camera/u_sccb_master/state[3]~FF|CLK
Path End      : u_camera/u_sccb_master/state[2]~FF|D  
Launch Clock  : clk_sys (RISE)                        
Capture Clock : clk_sys (RISE)                        
Slack         : 0.097 (arrival time - required time)  
Delay         : 0.095                                 

Logic Level             : 1
Non-global nets on path : 2
Global nets on path     : 0

Launch Clock Path Delay        : 1.226
+ Clock To Q + Data Path Delay : 0.167
--------------------------------------
End-of-path arrival time       : 1.393

Constraint                     : 0.000
+ Capture Clock Path Delay     : 1.226
+ Clock Uncertainty            : 0.070
--------------------------------------
End-of-path required time      : 1.296

Launch Clock Path
                 name                   model name   delay (ns)  cumulative delay (ns) pins on net    location
================================================================================================================
clk_sys                                   input        0.000             0.000               0       (109,0)  
clk_sys                                   input        0.070             0.070             171       (109,0)  
clk_sys                                   net          1.156             1.226             171       (109,0)  
   Routing elements:
      Manhattan distance of X:66, Y:313
u_camera/u_sccb_master/state[3]~FF|CLK    EFX_FF       0.000             1.226             171       (175,313)

Data Path
                name                  model name   delay (ns)  cumulative delay (ns) pins on net    location
==============================================================================================================
u_camera/u_sccb_master/state[3]~FF|Q   EFX_FF        0.072             0.072              20       (175,313)
u_camera/u_sccb_master/state[3]        net           0.061             0.133              20       (175,313)
   Routing elements:
      Manhattan distance of X:0, Y:2
LUT__21132|in[1]                       EFX_LUT4      0.034             0.167              20       (175,311)
LUT__21132|out                         EFX_LUT4      0.000             0.167               2       (175,311)
u_camera/u_sccb_master/n201            net           0.000             0.167               2       (175,311)
u_camera/u_sccb_master/state[2]~FF|D   EFX_FF        0.000             0.167               2       (175,311)

Capture Clock Path
                 name                   model name   delay (ns)  cumulative delay (ns) pins on net    location
================================================================================================================
clk_sys                                   input        0.000             0.000               0       (109,0)  
clk_sys                                   input        0.070             0.070             171       (109,0)  
clk_sys                                   net          1.156             1.226             171       (109,0)  
   Routing elements:
      Manhattan distance of X:66, Y:311
u_camera/u_sccb_master/state[2]~FF|CLK    EFX_FF       0.000             1.226             171       (175,311)

++++ Path 4 ++++++++++++++++++++++++++++++++++++++++++++++++++++++++++++++++++++

Path Begin    : u_camera/u_sccb_master/byte_step[0]~FF|CLK
Path End      : u_camera/u_sccb_master/byte_step[1]~FF|D  
Launch Clock  : clk_sys (RISE)                            
Capture Clock : clk_sys (RISE)                            
Slack         : 0.097 (arrival time - required time)      
Delay         : 0.095                                     

Logic Level             : 1
Non-global nets on path : 2
Global nets on path     : 0

Launch Clock Path Delay        : 1.226
+ Clock To Q + Data Path Delay : 0.167
--------------------------------------
End-of-path arrival time       : 1.393

Constraint                     : 0.000
+ Capture Clock Path Delay     : 1.226
+ Clock Uncertainty            : 0.070
--------------------------------------
End-of-path required time      : 1.296

Launch Clock Path
                   name                     model name   delay (ns)  cumulative delay (ns) pins on net    location
====================================================================================================================
clk_sys                                       input        0.000             0.000               0       (109,0)  
clk_sys                                       input        0.070             0.070             171       (109,0)  
clk_sys                                       net          1.156             1.226             171       (109,0)  
   Routing elements:
      Manhattan distance of X:66, Y:304
u_camera/u_sccb_master/byte_step[0]~FF|CLK    EFX_FF       0.000             1.226             171       (175,304)

Data Path
                  name                    model name   delay (ns)  cumulative delay (ns) pins on net    location
==================================================================================================================
u_camera/u_sccb_master/byte_step[0]~FF|Q   EFX_FF        0.072             0.072              9        (175,304)
u_camera/u_sccb_master/byte_step[0]        net           0.061             0.133              9        (175,304)
   Routing elements:
      Manhattan distance of X:0, Y:2
LUT__21146|in[3]                           EFX_LUT4      0.034             0.167              9        (175,302)
LUT__21146|out                             EFX_LUT4      0.000             0.167              2        (175,302)
u_camera/u_sccb_master/n305                net           0.000             0.167              2        (175,302)
u_camera/u_sccb_master/byte_step[1]~FF|D   EFX_FF        0.000             0.167              2        (175,302)

Capture Clock Path
                   name                     model name   delay (ns)  cumulative delay (ns) pins on net    location
====================================================================================================================
clk_sys                                       input        0.000             0.000               0       (109,0)  
clk_sys                                       input        0.070             0.070             171       (109,0)  
clk_sys                                       net          1.156             1.226             171       (109,0)  
   Routing elements:
      Manhattan distance of X:66, Y:302
u_camera/u_sccb_master/byte_step[1]~FF|CLK    EFX_FF       0.000             1.226             171       (175,302)

++++ Path 5 ++++++++++++++++++++++++++++++++++++++++++++++++++++++++++++++++++++

Path Begin    : u_camera/txn_read_data[1]~FF|CLK    
Path End      : u_camera/chip_id[9]~FF|D            
Launch Clock  : clk_sys (RISE)                      
Capture Clock : clk_sys (RISE)                      
Slack         : 0.099 (arrival time - required time)
Delay         : 0.097                               

Logic Level             : 0
Non-global nets on path : 1
Global nets on path     : 0

Launch Clock Path Delay        : 1.226
+ Clock To Q + Data Path Delay : 0.169
--------------------------------------
End-of-path arrival time       : 1.395

Constraint                     : 0.000
+ Capture Clock Path Delay     : 1.226
+ Clock Uncertainty            : 0.070
--------------------------------------
End-of-path required time      : 1.296

Launch Clock Path
              name                model name   delay (ns)  cumulative delay (ns) pins on net    location
==========================================================================================================
clk_sys                             input        0.000             0.000               0       (109,0)  
clk_sys                             input        0.070             0.070             171       (109,0)  
clk_sys                             net          1.156             1.226             171       (109,0)  
   Routing elements:
      Manhattan distance of X:83, Y:315
u_camera/txn_read_data[1]~FF|CLK    EFX_FF       0.000             1.226             171       (192,315)

Data Path
             name               model name   delay (ns)  cumulative delay (ns) pins on net    location
========================================================================================================
u_camera/txn_read_data[1]~FF|Q    EFX_FF       0.072             0.072              3        (192,315)
u_camera/txn_read_data[1]         net          0.097             0.169              3        (192,315)
   Routing elements:
      Manhattan distance of X:0, Y:2
u_camera/chip_id[9]~FF|D          EFX_FF       0.000             0.169              3        (192,313)

Capture Clock Path
           name             model name   delay (ns)  cumulative delay (ns) pins on net    location
====================================================================================================
clk_sys                       input        0.000             0.000               0       (109,0)  
clk_sys                       input        0.070             0.070             171       (109,0)  
clk_sys                       net          1.156             1.226             171       (109,0)  
   Routing elements:
      Manhattan distance of X:83, Y:313
u_camera/chip_id[9]~FF|CLK    EFX_FF       0.000             1.226             171       (192,313)

++++ Path 6 ++++++++++++++++++++++++++++++++++++++++++++++++++++++++++++++++++++

Path Begin    : u_camera/u_init_controller/state[3]~FF|CLK
Path End      : u_camera/txn_start~FF|D                   
Launch Clock  : clk_sys (RISE)                            
Capture Clock : clk_sys (RISE)                            
Slack         : 0.101 (arrival time - required time)      
Delay         : 0.099                                     

Logic Level             : 1
Non-global nets on path : 2
Global nets on path     : 0

Launch Clock Path Delay        : 1.226
+ Clock To Q + Data Path Delay : 0.171
--------------------------------------
End-of-path arrival time       : 1.397

Constraint                     : 0.000
+ Capture Clock Path Delay     : 1.226
+ Clock Uncertainty            : 0.070
--------------------------------------
End-of-path required time      : 1.296

Launch Clock Path
                   name                     model name   delay (ns)  cumulative delay (ns) pins on net    location
====================================================================================================================
clk_sys                                       input        0.000             0.000               0       (109,0)  
clk_sys                                       input        0.070             0.070             171       (109,0)  
clk_sys                                       net          1.156             1.226             171       (109,0)  
   Routing elements:
      Manhattan distance of X:83, Y:299
u_camera/u_init_controller/state[3]~FF|CLK    EFX_FF       0.000             1.226             171       (192,299)

Data Path
                  name                    model name   delay (ns)  cumulative delay (ns) pins on net    location
==================================================================================================================
u_camera/u_init_controller/state[3]~FF|Q   EFX_FF        0.072             0.072              37       (192,299)
u_camera/u_init_controller/state[3]        net           0.064             0.136              37       (192,299)
   Routing elements:
      Manhattan distance of X:0, Y:2
LUT__20475|in[1]                           EFX_LUT4      0.035             0.171              37       (192,297)
LUT__20475|out                             EFX_LUT4      0.000             0.171              18       (192,297)
~ceg_net336                                net           0.000             0.171              18       (192,297)
u_camera/txn_start~FF|D                    EFX_FF        0.000             0.171              18       (192,297)

Capture Clock Path
          name             model name   delay (ns)  cumulative delay (ns) pins on net    location
===================================================================================================
clk_sys                      input        0.000             0.000               0       (109,0)  
clk_sys                      input        0.070             0.070             171       (109,0)  
clk_sys                      net          1.156             1.226             171       (109,0)  
   Routing elements:
      Manhattan distance of X:83, Y:297
u_camera/txn_start~FF|CLK    EFX_FF       0.000             1.226             171       (192,297)

++++ Path 7 ++++++++++++++++++++++++++++++++++++++++++++++++++++++++++++++++++++

Path Begin    : u_camera/u_init_controller/delay_count[2]~FF|CLK
Path End      : u_camera/u_init_controller/delay_count[3]~FF|D  
Launch Clock  : clk_sys (RISE)                                  
Capture Clock : clk_sys (RISE)                                  
Slack         : 0.103 (arrival time - required time)            
Delay         : 0.101                                           

Logic Level             : 1
Non-global nets on path : 2
Global nets on path     : 0

Launch Clock Path Delay        : 1.226
+ Clock To Q + Data Path Delay : 0.173
--------------------------------------
End-of-path arrival time       : 1.399

Constraint                     : 0.000
+ Capture Clock Path Delay     : 1.226
+ Clock Uncertainty            : 0.070
--------------------------------------
End-of-path required time      : 1.296

Launch Clock Path
                      name                        model name   delay (ns)  cumulative delay (ns) pins on net    location
==========================================================================================================================
clk_sys                                             input        0.000             0.000               0       (109,0)  
clk_sys                                             input        0.070             0.070             171       (109,0)  
clk_sys                                             net          1.156             1.226             171       (109,0)  
   Routing elements:
      Manhattan distance of X:96, Y:287
u_camera/u_init_controller/delay_count[2]~FF|CLK    EFX_FF       0.000             1.226             171       (205,287)

Data Path
                     name                       model name   delay (ns)  cumulative delay (ns) pins on net    location
========================================================================================================================
u_camera/u_init_controller/delay_count[2]~FF|Q   EFX_FF        0.072             0.072              4        (205,287)
u_camera/u_init_controller/delay_count[2]        net           0.067             0.139              4        (205,287)
   Routing elements:
      Manhattan distance of X:0, Y:2
LUT__20544|in[1]                                 EFX_LUT4      0.034             0.173              4        (205,289)
LUT__20544|out                                   EFX_LUT4      0.000             0.173              2        (205,289)
u_camera/u_init_controller/n392                  net           0.000             0.173              2        (205,289)
u_camera/u_init_controller/delay_count[3]~FF|D   EFX_FF        0.000             0.173              2        (205,289)

Capture Clock Path
                      name                        model name   delay (ns)  cumulative delay (ns) pins on net    location
==========================================================================================================================
clk_sys                                             input        0.000             0.000               0       (109,0)  
clk_sys                                             input        0.070             0.070             171       (109,0)  
clk_sys                                             net          1.156             1.226             171       (109,0)  
   Routing elements:
      Manhattan distance of X:96, Y:289
u_camera/u_init_controller/delay_count[3]~FF|CLK    EFX_FF       0.000             1.226             171       (205,289)

++++ Path 8 ++++++++++++++++++++++++++++++++++++++++++++++++++++++++++++++++++++

Path Begin    : u_camera/u_init_controller/delay_count[0]~FF|CLK
Path End      : u_camera/u_init_controller/delay_count[1]~FF|D  
Launch Clock  : clk_sys (RISE)                                  
Capture Clock : clk_sys (RISE)                                  
Slack         : 0.104 (arrival time - required time)            
Delay         : 0.102                                           

Logic Level             : 1
Non-global nets on path : 2
Global nets on path     : 0

Launch Clock Path Delay        : 1.226
+ Clock To Q + Data Path Delay : 0.174
--------------------------------------
End-of-path arrival time       : 1.400

Constraint                     : 0.000
+ Capture Clock Path Delay     : 1.226
+ Clock Uncertainty            : 0.070
--------------------------------------
End-of-path required time      : 1.296

Launch Clock Path
                      name                        model name   delay (ns)  cumulative delay (ns) pins on net    location
==========================================================================================================================
clk_sys                                             input        0.000             0.000               0       (109,0)  
clk_sys                                             input        0.070             0.070             171       (109,0)  
clk_sys                                             net          1.156             1.226             171       (109,0)  
   Routing elements:
      Manhattan distance of X:100, Y:279
u_camera/u_init_controller/delay_count[0]~FF|CLK    EFX_FF       0.000             1.226             171       (209,279)

Data Path
                     name                       model name   delay (ns)  cumulative delay (ns) pins on net    location
========================================================================================================================
u_camera/u_init_controller/delay_count[0]~FF|Q   EFX_FF        0.072             0.072              4        (209,279)
u_camera/u_init_controller/delay_count[0]        net           0.068             0.140              4        (209,279)
   Routing elements:
      Manhattan distance of X:0, Y:2
LUT__20542|in[0]                                 EFX_LUT4      0.034             0.174              4        (209,281)
LUT__20542|out                                   EFX_LUT4      0.000             0.174              2        (209,281)
u_camera/u_init_controller/n394                  net           0.000             0.174              2        (209,281)
u_camera/u_init_controller/delay_count[1]~FF|D   EFX_FF        0.000             0.174              2        (209,281)

Capture Clock Path
                      name                        model name   delay (ns)  cumulative delay (ns) pins on net    location
==========================================================================================================================
clk_sys                                             input        0.000             0.000               0       (109,0)  
clk_sys                                             input        0.070             0.070             171       (109,0)  
clk_sys                                             net          1.156             1.226             171       (109,0)  
   Routing elements:
      Manhattan distance of X:100, Y:281
u_camera/u_init_controller/delay_count[1]~FF|CLK    EFX_FF       0.000             1.226             171       (209,281)

++++ Path 9 ++++++++++++++++++++++++++++++++++++++++++++++++++++++++++++++++++++

Path Begin    : u_camera/txn_read_data[3]~FF|CLK    
Path End      : u_camera/chip_id[11]~FF|D           
Launch Clock  : clk_sys (RISE)                      
Capture Clock : clk_sys (RISE)                      
Slack         : 0.106 (arrival time - required time)
Delay         : 0.104                               

Logic Level             : 0
Non-global nets on path : 1
Global nets on path     : 0

Launch Clock Path Delay        : 1.226
+ Clock To Q + Data Path Delay : 0.176
--------------------------------------
End-of-path arrival time       : 1.402

Constraint                     : 0.000
+ Capture Clock Path Delay     : 1.226
+ Clock Uncertainty            : 0.070
--------------------------------------
End-of-path required time      : 1.296

Launch Clock Path
              name                model name   delay (ns)  cumulative delay (ns) pins on net    location
==========================================================================================================
clk_sys                             input        0.000             0.000               0       (109,0)  
clk_sys                             input        0.070             0.070             171       (109,0)  
clk_sys                             net          1.156             1.226             171       (109,0)  
   Routing elements:
      Manhattan distance of X:83, Y:314
u_camera/txn_read_data[3]~FF|CLK    EFX_FF       0.000             1.226             171       (192,314)

Data Path
             name               model name   delay (ns)  cumulative delay (ns) pins on net    location
========================================================================================================
u_camera/txn_read_data[3]~FF|Q    EFX_FF       0.072             0.072              3        (192,314)
u_camera/txn_read_data[3]         net          0.104             0.176              3        (192,314)
   Routing elements:
      Manhattan distance of X:0, Y:3
u_camera/chip_id[11]~FF|D         EFX_FF       0.000             0.176              3        (192,311)

Capture Clock Path
           name              model name   delay (ns)  cumulative delay (ns) pins on net    location
=====================================================================================================
clk_sys                        input        0.000             0.000               0       (109,0)  
clk_sys                        input        0.070             0.070             171       (109,0)  
clk_sys                        net          1.156             1.226             171       (109,0)  
   Routing elements:
      Manhattan distance of X:83, Y:311
u_camera/chip_id[11]~FF|CLK    EFX_FF       0.000             1.226             171       (192,311)

++++ Path 10 +++++++++++++++++++++++++++++++++++++++++++++++++++++++++++++++++++

Path Begin    : u_camera/txn_reg_addr[12]~FF|CLK            
Path End      : u_camera/u_sccb_master/command_addr[12]~FF|D
Launch Clock  : clk_sys (RISE)                              
Capture Clock : clk_sys (RISE)                              
Slack         : 0.109 (arrival time - required time)        
Delay         : 0.107                                       

Logic Level             : 0
Non-global nets on path : 1
Global nets on path     : 0

Launch Clock Path Delay        : 1.226
+ Clock To Q + Data Path Delay : 0.179
--------------------------------------
End-of-path arrival time       : 1.405

Constraint                     : 0.000
+ Capture Clock Path Delay     : 1.226
+ Clock Uncertainty            : 0.070
--------------------------------------
End-of-path required time      : 1.296

Launch Clock Path
              name                model name   delay (ns)  cumulative delay (ns) pins on net    location
==========================================================================================================
clk_sys                             input        0.000             0.000               0       (109,0)  
clk_sys                             input        0.070             0.070             171       (109,0)  
clk_sys                             net          1.156             1.226             171       (109,0)  
   Routing elements:
      Manhattan distance of X:70, Y:289
u_camera/txn_reg_addr[12]~FF|CLK    EFX_FF       0.000             1.226             171       (179,289)

Data Path
                    name                      model name   delay (ns)  cumulative delay (ns) pins on net    location
======================================================================================================================
u_camera/txn_reg_addr[12]~FF|Q                  EFX_FF       0.072             0.072              2        (179,289)
u_camera/txn_reg_addr[12]                       net          0.107             0.179              2        (179,289)
   Routing elements:
      Manhattan distance of X:0, Y:1
u_camera/u_sccb_master/command_addr[12]~FF|D    EFX_FF       0.000             0.179              2        (179,290)

Capture Clock Path
                     name                       model name   delay (ns)  cumulative delay (ns) pins on net    location
========================================================================================================================
clk_sys                                           input        0.000             0.000               0       (109,0)  
clk_sys                                           input        0.070             0.070             171       (109,0)  
clk_sys                                           net          1.156             1.226             171       (109,0)  
   Routing elements:
      Manhattan distance of X:70, Y:290
u_camera/u_sccb_master/command_addr[12]~FF|CLK    EFX_FF       0.000             1.226             171       (179,290)

################################################################################
Path Detail Report (clk_display_feedback_24m vs clk_display_feedback_24m)
################################################################################


++++ Path 1 ++++++++++++++++++++++++++++++++++++++++++++++++++++++++++++++++++++

Path Begin    : u_feedback_reset/sync_pipe[0]~FF|CLK
Path End      : u_feedback_reset/sync_pipe[1]~FF|D  
Launch Clock  : clk_display_feedback_24m (RISE)     
Capture Clock : clk_display_feedback_24m (RISE)     
Slack         : 0.109 (arrival time - required time)
Delay         : 0.107                               

Logic Level             : 0
Non-global nets on path : 1
Global nets on path     : 0

Launch Clock Path Delay        : 1.189
+ Clock To Q + Data Path Delay : 0.179
--------------------------------------
End-of-path arrival time       : 1.368

Constraint                     : 0.000
+ Capture Clock Path Delay     : 1.189
+ Clock Uncertainty            : 0.070
--------------------------------------
End-of-path required time      : 1.259

Launch Clock Path
                name                  model name   delay (ns)  cumulative delay (ns) pins on net    location
==============================================================================================================
display_feedback_24m                    input        0.000             0.000              0        (0,162)  
display_feedback_24m                    input        0.070             0.070              5        (0,162)  
display_feedback_24m                    net          1.119             1.189              5        (0,162)  
   Routing elements:
      Manhattan distance of X:122, Y:156
u_feedback_reset/sync_pipe[0]~FF|CLK    EFX_FF       0.000             1.189              5        (122,318)

Data Path
               name                 model name   delay (ns)  cumulative delay (ns) pins on net    location
============================================================================================================
u_feedback_reset/sync_pipe[0]~FF|Q    EFX_FF       0.072             0.072              2        (122,318)
u_feedback_reset/sync_pipe[0]         net          0.107             0.179              2        (122,318)
   Routing elements:
      Manhattan distance of X:0, Y:1
u_feedback_reset/sync_pipe[1]~FF|D    EFX_FF       0.000             0.179              2        (122,319)

Capture Clock Path
                name                  model name   delay (ns)  cumulative delay (ns) pins on net    location
==============================================================================================================
display_feedback_24m                    input        0.000             0.000              0        (0,162)  
display_feedback_24m                    input        0.070             0.070              5        (0,162)  
display_feedback_24m                    net          1.119             1.189              5        (0,162)  
   Routing elements:
      Manhattan distance of X:122, Y:157
u_feedback_reset/sync_pipe[1]~FF|CLK    EFX_FF       0.000             1.189              5        (122,319)

++++ Path 2 ++++++++++++++++++++++++++++++++++++++++++++++++++++++++++++++++++++

Path Begin    : u_feedback_reset/sync_pipe[1]~FF|CLK
Path End      : feedback_reset_n~FF|D               
Launch Clock  : clk_display_feedback_24m (RISE)     
Capture Clock : clk_display_feedback_24m (RISE)     
Slack         : 0.115 (arrival time - required time)
Delay         : 0.113                               

Logic Level             : 0
Non-global nets on path : 1
Global nets on path     : 0

Launch Clock Path Delay        : 1.189
+ Clock To Q + Data Path Delay : 0.185
--------------------------------------
End-of-path arrival time       : 1.374

Constraint                     : 0.000
+ Capture Clock Path Delay     : 1.189
+ Clock Uncertainty            : 0.070
--------------------------------------
End-of-path required time      : 1.259

Launch Clock Path
                name                  model name   delay (ns)  cumulative delay (ns) pins on net    location
==============================================================================================================
display_feedback_24m                    input        0.000             0.000              0        (0,162)  
display_feedback_24m                    input        0.070             0.070              5        (0,162)  
display_feedback_24m                    net          1.119             1.189              5        (0,162)  
   Routing elements:
      Manhattan distance of X:122, Y:157
u_feedback_reset/sync_pipe[1]~FF|CLK    EFX_FF       0.000             1.189              5        (122,319)

Data Path
               name                 model name   delay (ns)  cumulative delay (ns) pins on net    location
============================================================================================================
u_feedback_reset/sync_pipe[1]~FF|Q    EFX_FF       0.072             0.072              2        (122,319)
u_feedback_reset/sync_pipe[1]         net          0.113             0.185              2        (122,319)
   Routing elements:
      Manhattan distance of X:0, Y:1
feedback_reset_n~FF|D                 EFX_FF       0.000             0.185              2        (122,320)

Capture Clock Path
         name            model name   delay (ns)  cumulative delay (ns) pins on net    location
=================================================================================================
display_feedback_24m       input        0.000             0.000              0        (0,162)  
display_feedback_24m       input        0.070             0.070              5        (0,162)  
display_feedback_24m       net          1.119             1.189              5        (0,162)  
   Routing elements:
      Manhattan distance of X:122, Y:158
feedback_reset_n~FF|CLK    EFX_FF       0.000             1.189              5        (122,320)

################################################################################
Path Detail Report (clk_pixel_25p2m vs clk_pixel_25p2m)
################################################################################


++++ Path 1 ++++++++++++++++++++++++++++++++++++++++++++++++++++++++++++++++++++

Path Begin    : u_tmds_green/disparity[5]~FF_rt_0|CLK
Path End      : u_tmds_green/disparity[1]~FF_rt_62|D 
Launch Clock  : clk_pixel_25p2m (RISE)               
Capture Clock : clk_pixel_25p2m (RISE)               
Slack         : 0.099 (arrival time - required time) 
Delay         : 0.097                                

Logic Level             : 1
Non-global nets on path : 2
Global nets on path     : 0

Launch Clock Path Delay        : 1.184
+ Clock To Q + Data Path Delay : 0.169
--------------------------------------
End-of-path arrival time       : 1.353

Constraint                     : 0.000
+ Capture Clock Path Delay     : 1.184
+ Clock Uncertainty            : 0.070
--------------------------------------
End-of-path required time      : 1.254

Launch Clock Path
                name                   model name   delay (ns)  cumulative delay (ns) pins on net    location
===============================================================================================================
clk_pixel                                input        0.000             0.000               0        (0,159) 
clk_pixel                                input        0.070             0.070             434        (0,159) 
clk_pixel                                net          1.114             1.184             434        (0,159) 
   Routing elements:
      Manhattan distance of X:83, Y:154
u_tmds_green/disparity[5]~FF_rt_0|CLK    EFX_FF       0.000             1.184             434        (83,313)

Data Path
                name                  model name   delay (ns)  cumulative delay (ns) pins on net    location
==============================================================================================================
u_tmds_green/disparity[5]~FF_rt_0|Q    EFX_FF        0.072             0.072              14        (83,313)
display_de_d_q                         net           0.063             0.135              14        (83,313)
   Routing elements:
      Manhattan distance of X:0, Y:2
LUT__24865|in[3]                       EFX_LUT4      0.034             0.169              14        (83,311)
LUT__24865|out                         EFX_LUT4      0.000             0.169               6        (83,311)
u_tmds_green/next_disparity[5]         net           0.000             0.169               6        (83,311)
u_tmds_green/disparity[1]~FF_rt_62|D   EFX_FF        0.000             0.169               6        (83,311)

Capture Clock Path
                 name                   model name   delay (ns)  cumulative delay (ns) pins on net    location
================================================================================================================
clk_pixel                                 input        0.000             0.000               0        (0,159) 
clk_pixel                                 input        0.070             0.070             434        (0,159) 
clk_pixel                                 net          1.114             1.184             434        (0,159) 
   Routing elements:
      Manhattan distance of X:83, Y:152
u_tmds_green/disparity[1]~FF_rt_62|CLK    EFX_FF       0.000             1.184             434        (83,311)

++++ Path 2 ++++++++++++++++++++++++++++++++++++++++++++++++++++++++++++++++++++

Path Begin    : u_tmds_green/disparity[5]~FF_rt_0|CLK
Path End      : u_tmds_green/disparity[1]~FF_rt_61|D 
Launch Clock  : clk_pixel_25p2m (RISE)               
Capture Clock : clk_pixel_25p2m (RISE)               
Slack         : 0.106 (arrival time - required time) 
Delay         : 0.104                                

Logic Level             : 1
Non-global nets on path : 2
Global nets on path     : 0

Launch Clock Path Delay        : 1.184
+ Clock To Q + Data Path Delay : 0.176
--------------------------------------
End-of-path arrival time       : 1.360

Constraint                     : 0.000
+ Capture Clock Path Delay     : 1.184
+ Clock Uncertainty            : 0.070
--------------------------------------
End-of-path required time      : 1.254

Launch Clock Path
                name                   model name   delay (ns)  cumulative delay (ns) pins on net    location
===============================================================================================================
clk_pixel                                input        0.000             0.000               0        (0,159) 
clk_pixel                                input        0.070             0.070             434        (0,159) 
clk_pixel                                net          1.114             1.184             434        (0,159) 
   Routing elements:
      Manhattan distance of X:83, Y:154
u_tmds_green/disparity[5]~FF_rt_0|CLK    EFX_FF       0.000             1.184             434        (83,313)

Data Path
                name                  model name   delay (ns)  cumulative delay (ns) pins on net    location
==============================================================================================================
u_tmds_green/disparity[5]~FF_rt_0|Q    EFX_FF        0.072             0.072              14        (83,313)
display_de_d_q                         net           0.070             0.142              14        (83,313)
   Routing elements:
      Manhattan distance of X:0, Y:3
LUT__24863|in[3]                       EFX_LUT4      0.034             0.176              14        (83,310)
LUT__24863|out                         EFX_LUT4      0.000             0.176               5        (83,310)
u_tmds_green/next_disparity[4]         net           0.000             0.176               5        (83,310)
u_tmds_green/disparity[1]~FF_rt_61|D   EFX_FF        0.000             0.176               5        (83,310)

Capture Clock Path
                 name                   model name   delay (ns)  cumulative delay (ns) pins on net    location
================================================================================================================
clk_pixel                                 input        0.000             0.000               0        (0,159) 
clk_pixel                                 input        0.070             0.070             434        (0,159) 
clk_pixel                                 net          1.114             1.184             434        (0,159) 
   Routing elements:
      Manhattan distance of X:83, Y:151
u_tmds_green/disparity[1]~FF_rt_61|CLK    EFX_FF       0.000             1.184             434        (83,310)

++++ Path 3 ++++++++++++++++++++++++++++++++++++++++++++++++++++++++++++++++++++

Path Begin    : displayed_frame_count[30]~FF|CLK    
Path End      : displayed_frame_count[30]~FF|D      
Launch Clock  : clk_pixel_25p2m (RISE)              
Capture Clock : clk_pixel_25p2m (RISE)              
Slack         : 0.109 (arrival time - required time)
Delay         : 0.107                               

Logic Level             : 1
Non-global nets on path : 2
Global nets on path     : 0

Launch Clock Path Delay        : 1.184
+ Clock To Q + Data Path Delay : 0.179
--------------------------------------
End-of-path arrival time       : 1.363

Constraint                     : 0.000
+ Capture Clock Path Delay     : 1.184
+ Clock Uncertainty            : 0.070
--------------------------------------
End-of-path required time      : 1.254

Launch Clock Path
              name                model name   delay (ns)  cumulative delay (ns) pins on net    location
==========================================================================================================
clk_pixel                           input        0.000             0.000               0        (0,159) 
clk_pixel                           input        0.070             0.070             434        (0,159) 
clk_pixel                           net          1.114             1.184             434        (0,159) 
   Routing elements:
      Manhattan distance of X:32, Y:76
displayed_frame_count[30]~FF|CLK    EFX_FF       0.000             1.184             434        (32,235)

Data Path
             name               model name   delay (ns)  cumulative delay (ns) pins on net    location
========================================================================================================
displayed_frame_count[30]~FF|Q   EFX_FF        0.072             0.072              2         (32,235)
displayed_frame_count[30]        net           0.073             0.145              2         (32,235)
u_framebuffer/add_453/i30|I0     EFX_ADD       0.034             0.179              2         (32,235)
u_framebuffer/add_453/i30|O      EFX_ADD       0.000             0.179              2         (32,235)
u_framebuffer/n1659              net           0.000             0.179              2         (32,235)
displayed_frame_count[30]~FF|D   EFX_FF        0.000             0.179              2         (32,235)

Capture Clock Path
              name                model name   delay (ns)  cumulative delay (ns) pins on net    location
==========================================================================================================
clk_pixel                           input        0.000             0.000               0        (0,159) 
clk_pixel                           input        0.070             0.070             434        (0,159) 
clk_pixel                           net          1.114             1.184             434        (0,159) 
   Routing elements:
      Manhattan distance of X:32, Y:76
displayed_frame_count[30]~FF|CLK    EFX_FF       0.000             1.184             434        (32,235)

++++ Path 4 ++++++++++++++++++++++++++++++++++++++++++++++++++++++++++++++++++++

Path Begin    : displayed_frame_count[31]~FF|CLK    
Path End      : displayed_frame_count[31]~FF|D      
Launch Clock  : clk_pixel_25p2m (RISE)              
Capture Clock : clk_pixel_25p2m (RISE)              
Slack         : 0.109 (arrival time - required time)
Delay         : 0.107                               

Logic Level             : 1
Non-global nets on path : 2
Global nets on path     : 0

Launch Clock Path Delay        : 1.184
+ Clock To Q + Data Path Delay : 0.179
--------------------------------------
End-of-path arrival time       : 1.363

Constraint                     : 0.000
+ Capture Clock Path Delay     : 1.184
+ Clock Uncertainty            : 0.070
--------------------------------------
End-of-path required time      : 1.254

Launch Clock Path
              name                model name   delay (ns)  cumulative delay (ns) pins on net    location
==========================================================================================================
clk_pixel                           input        0.000             0.000               0        (0,159) 
clk_pixel                           input        0.070             0.070             434        (0,159) 
clk_pixel                           net          1.114             1.184             434        (0,159) 
   Routing elements:
      Manhattan distance of X:32, Y:77
displayed_frame_count[31]~FF|CLK    EFX_FF       0.000             1.184             434        (32,236)

Data Path
             name               model name   delay (ns)  cumulative delay (ns) pins on net    location
========================================================================================================
displayed_frame_count[31]~FF|Q   EFX_FF        0.072             0.072              2         (32,236)
displayed_frame_count[31]        net           0.073             0.145              2         (32,236)
u_framebuffer/add_453/i31|I0     EFX_ADD       0.034             0.179              2         (32,236)
u_framebuffer/add_453/i31|O      EFX_ADD       0.000             0.179              2         (32,236)
u_framebuffer/n1658              net           0.000             0.179              2         (32,236)
displayed_frame_count[31]~FF|D   EFX_FF        0.000             0.179              2         (32,236)

Capture Clock Path
              name                model name   delay (ns)  cumulative delay (ns) pins on net    location
==========================================================================================================
clk_pixel                           input        0.000             0.000               0        (0,159) 
clk_pixel                           input        0.070             0.070             434        (0,159) 
clk_pixel                           net          1.114             1.184             434        (0,159) 
   Routing elements:
      Manhattan distance of X:32, Y:77
displayed_frame_count[31]~FF|CLK    EFX_FF       0.000             1.184             434        (32,236)

++++ Path 5 ++++++++++++++++++++++++++++++++++++++++++++++++++++++++++++++++++++

Path Begin    : display_x[0]~FF|CLK                 
Path End      : display_x[0]~FF|D                   
Launch Clock  : clk_pixel_25p2m (RISE)              
Capture Clock : clk_pixel_25p2m (RISE)              
Slack         : 0.109 (arrival time - required time)
Delay         : 0.107                               

Logic Level             : 0
Non-global nets on path : 1
Global nets on path     : 0

Launch Clock Path Delay        : 1.184
+ Clock To Q + Data Path Delay : 0.179
--------------------------------------
End-of-path arrival time       : 1.363

Constraint                     : 0.000
+ Capture Clock Path Delay     : 1.184
+ Clock Uncertainty            : 0.070
--------------------------------------
End-of-path required time      : 1.254

Launch Clock Path
       name          model name   delay (ns)  cumulative delay (ns) pins on net    location
=============================================================================================
clk_pixel              input        0.000             0.000               0        (0,159) 
clk_pixel              input        0.070             0.070             434        (0,159) 
clk_pixel              net          1.114             1.184             434        (0,159) 
   Routing elements:
      Manhattan distance of X:94, Y:123
display_x[0]~FF|CLK    EFX_FF       0.000             1.184             434        (94,282)

Data Path
      name         model name   delay (ns)  cumulative delay (ns) pins on net    location
===========================================================================================
display_x[0]~FF|Q    EFX_FF       0.072             0.072              5         (94,282)
display_x[0]         net          0.107             0.179              5         (94,282)
display_x[0]~FF|D    EFX_FF       0.000             0.179              5         (94,282)

Capture Clock Path
       name          model name   delay (ns)  cumulative delay (ns) pins on net    location
=============================================================================================
clk_pixel              input        0.000             0.000               0        (0,159) 
clk_pixel              input        0.070             0.070             434        (0,159) 
clk_pixel              net          1.114             1.184             434        (0,159) 
   Routing elements:
      Manhattan distance of X:94, Y:123
display_x[0]~FF|CLK    EFX_FF       0.000             1.184             434        (94,282)

++++ Path 6 ++++++++++++++++++++++++++++++++++++++++++++++++++++++++++++++++++++

Path Begin    : u_frame_diag_cdc/data_sync_1[129]~FF|CLK
Path End      : u_frame_diag_cdc/data_sync_2[129]~FF|D  
Launch Clock  : clk_pixel_25p2m (RISE)                  
Capture Clock : clk_pixel_25p2m (RISE)                  
Slack         : 0.109 (arrival time - required time)    
Delay         : 0.107                                   

Logic Level             : 0
Non-global nets on path : 1
Global nets on path     : 0

Launch Clock Path Delay        : 1.184
+ Clock To Q + Data Path Delay : 0.179
--------------------------------------
End-of-path arrival time       : 1.363

Constraint                     : 0.000
+ Capture Clock Path Delay     : 1.184
+ Clock Uncertainty            : 0.070
--------------------------------------
End-of-path required time      : 1.254

Launch Clock Path
                  name                    model name   delay (ns)  cumulative delay (ns) pins on net    location
==================================================================================================================
clk_pixel                                   input        0.000             0.000               0       (0,159)  
clk_pixel                                   input        0.070             0.070             434       (0,159)  
clk_pixel                                   net          1.114             1.184             434       (0,159)  
   Routing elements:
      Manhattan distance of X:154, Y:7
u_frame_diag_cdc/data_sync_1[129]~FF|CLK    EFX_FF       0.000             1.184             434       (154,166)

Data Path
                 name                   model name   delay (ns)  cumulative delay (ns) pins on net    location
================================================================================================================
u_frame_diag_cdc/data_sync_1[129]~FF|Q    EFX_FF       0.072             0.072              2        (154,166)
u_frame_diag_cdc/data_sync_1[129]         net          0.107             0.179              2        (154,166)
   Routing elements:
      Manhattan distance of X:0, Y:1
u_frame_diag_cdc/data_sync_2[129]~FF|D    EFX_FF       0.000             0.179              2        (154,167)

Capture Clock Path
                  name                    model name   delay (ns)  cumulative delay (ns) pins on net    location
==================================================================================================================
clk_pixel                                   input        0.000             0.000               0       (0,159)  
clk_pixel                                   input        0.070             0.070             434       (0,159)  
clk_pixel                                   net          1.114             1.184             434       (0,159)  
   Routing elements:
      Manhattan distance of X:154, Y:8
u_frame_diag_cdc/data_sync_2[129]~FF|CLK    EFX_FF       0.000             1.184             434       (154,167)

++++ Path 7 ++++++++++++++++++++++++++++++++++++++++++++++++++++++++++++++++++++

Path Begin    : u_frame_diag_cdc/data_sync_1[135]~FF|CLK
Path End      : u_frame_diag_cdc/data_sync_2[135]~FF|D  
Launch Clock  : clk_pixel_25p2m (RISE)                  
Capture Clock : clk_pixel_25p2m (RISE)                  
Slack         : 0.109 (arrival time - required time)    
Delay         : 0.107                                   

Logic Level             : 0
Non-global nets on path : 1
Global nets on path     : 0

Launch Clock Path Delay        : 1.184
+ Clock To Q + Data Path Delay : 0.179
--------------------------------------
End-of-path arrival time       : 1.363

Constraint                     : 0.000
+ Capture Clock Path Delay     : 1.184
+ Clock Uncertainty            : 0.070
--------------------------------------
End-of-path required time      : 1.254

Launch Clock Path
                  name                    model name   delay (ns)  cumulative delay (ns) pins on net    location
==================================================================================================================
clk_pixel                                   input        0.000             0.000               0        (0,159) 
clk_pixel                                   input        0.070             0.070             434        (0,159) 
clk_pixel                                   net          1.114             1.184             434        (0,159) 
   Routing elements:
      Manhattan distance of X:61, Y:23
u_frame_diag_cdc/data_sync_1[135]~FF|CLK    EFX_FF       0.000             1.184             434        (61,136)

Data Path
                 name                   model name   delay (ns)  cumulative delay (ns) pins on net    location
================================================================================================================
u_frame_diag_cdc/data_sync_1[135]~FF|Q    EFX_FF       0.072             0.072              2         (61,136)
u_frame_diag_cdc/data_sync_1[135]         net          0.107             0.179              2         (61,136)
   Routing elements:
      Manhattan distance of X:0, Y:1
u_frame_diag_cdc/data_sync_2[135]~FF|D    EFX_FF       0.000             0.179              2         (61,137)

Capture Clock Path
                  name                    model name   delay (ns)  cumulative delay (ns) pins on net    location
==================================================================================================================
clk_pixel                                   input        0.000             0.000               0        (0,159) 
clk_pixel                                   input        0.070             0.070             434        (0,159) 
clk_pixel                                   net          1.114             1.184             434        (0,159) 
   Routing elements:
      Manhattan distance of X:61, Y:22
u_frame_diag_cdc/data_sync_2[135]~FF|CLK    EFX_FF       0.000             1.184             434        (61,137)

++++ Path 8 ++++++++++++++++++++++++++++++++++++++++++++++++++++++++++++++++++++

Path Begin    : chip_id_pixel_sync[0]~FF|CLK        
Path End      : chip_id_pixel_sync[1]~FF|D          
Launch Clock  : clk_pixel_25p2m (RISE)              
Capture Clock : clk_pixel_25p2m (RISE)              
Slack         : 0.109 (arrival time - required time)
Delay         : 0.107                               

Logic Level             : 0
Non-global nets on path : 1
Global nets on path     : 0

Launch Clock Path Delay        : 1.184
+ Clock To Q + Data Path Delay : 0.179
--------------------------------------
End-of-path arrival time       : 1.363

Constraint                     : 0.000
+ Capture Clock Path Delay     : 1.184
+ Clock Uncertainty            : 0.070
--------------------------------------
End-of-path required time      : 1.254

Launch Clock Path
            name              model name   delay (ns)  cumulative delay (ns) pins on net    location
======================================================================================================
clk_pixel                       input        0.000             0.000               0       (0,159)  
clk_pixel                       input        0.070             0.070             434       (0,159)  
clk_pixel                       net          1.114             1.184             434       (0,159)  
   Routing elements:
      Manhattan distance of X:196, Y:100
chip_id_pixel_sync[0]~FF|CLK    EFX_FF       0.000             1.184             434       (196,259)

Data Path
           name             model name   delay (ns)  cumulative delay (ns) pins on net    location
====================================================================================================
chip_id_pixel_sync[0]~FF|Q    EFX_FF       0.072             0.072              2        (196,259)
chip_id_pixel_sync[0]         net          0.107             0.179              2        (196,259)
   Routing elements:
      Manhattan distance of X:0, Y:1
chip_id_pixel_sync[1]~FF|D    EFX_FF       0.000             0.179              2        (196,260)

Capture Clock Path
            name              model name   delay (ns)  cumulative delay (ns) pins on net    location
======================================================================================================
clk_pixel                       input        0.000             0.000               0       (0,159)  
clk_pixel                       input        0.070             0.070             434       (0,159)  
clk_pixel                       net          1.114             1.184             434       (0,159)  
   Routing elements:
      Manhattan distance of X:196, Y:101
chip_id_pixel_sync[1]~FF|CLK    EFX_FF       0.000             1.184             434       (196,260)

++++ Path 9 ++++++++++++++++++++++++++++++++++++++++++++++++++++++++++++++++++++

Path Begin    : u_frame_diag_cdc/data_sync_1[131]~FF|CLK
Path End      : u_frame_diag_cdc/data_sync_2[131]~FF|D  
Launch Clock  : clk_pixel_25p2m (RISE)                  
Capture Clock : clk_pixel_25p2m (RISE)                  
Slack         : 0.109 (arrival time - required time)    
Delay         : 0.107                                   

Logic Level             : 0
Non-global nets on path : 1
Global nets on path     : 0

Launch Clock Path Delay        : 1.184
+ Clock To Q + Data Path Delay : 0.179
--------------------------------------
End-of-path arrival time       : 1.363

Constraint                     : 0.000
+ Capture Clock Path Delay     : 1.184
+ Clock Uncertainty            : 0.070
--------------------------------------
End-of-path required time      : 1.254

Launch Clock Path
                  name                    model name   delay (ns)  cumulative delay (ns) pins on net    location
==================================================================================================================
clk_pixel                                   input        0.000             0.000               0       (0,159)  
clk_pixel                                   input        0.070             0.070             434       (0,159)  
clk_pixel                                   net          1.114             1.184             434       (0,159)  
   Routing elements:
      Manhattan distance of X:140, Y:58
u_frame_diag_cdc/data_sync_1[131]~FF|CLK    EFX_FF       0.000             1.184             434       (140,217)

Data Path
                 name                   model name   delay (ns)  cumulative delay (ns) pins on net    location
================================================================================================================
u_frame_diag_cdc/data_sync_1[131]~FF|Q    EFX_FF       0.072             0.072              2        (140,217)
u_frame_diag_cdc/data_sync_1[131]         net          0.107             0.179              2        (140,217)
   Routing elements:
      Manhattan distance of X:0, Y:1
u_frame_diag_cdc/data_sync_2[131]~FF|D    EFX_FF       0.000             0.179              2        (140,218)

Capture Clock Path
                  name                    model name   delay (ns)  cumulative delay (ns) pins on net    location
==================================================================================================================
clk_pixel                                   input        0.000             0.000               0       (0,159)  
clk_pixel                                   input        0.070             0.070             434       (0,159)  
clk_pixel                                   net          1.114             1.184             434       (0,159)  
   Routing elements:
      Manhattan distance of X:140, Y:59
u_frame_diag_cdc/data_sync_2[131]~FF|CLK    EFX_FF       0.000             1.184             434       (140,218)

++++ Path 10 +++++++++++++++++++++++++++++++++++++++++++++++++++++++++++++++++++

Path Begin    : init_done_pixel_sync[0]~FF|CLK      
Path End      : init_done_pixel_sync[1]~FF|D        
Launch Clock  : clk_pixel_25p2m (RISE)              
Capture Clock : clk_pixel_25p2m (RISE)              
Slack         : 0.109 (arrival time - required time)
Delay         : 0.107                               

Logic Level             : 0
Non-global nets on path : 1
Global nets on path     : 0

Launch Clock Path Delay        : 1.184
+ Clock To Q + Data Path Delay : 0.179
--------------------------------------
End-of-path arrival time       : 1.363

Constraint                     : 0.000
+ Capture Clock Path Delay     : 1.184
+ Clock Uncertainty            : 0.070
--------------------------------------
End-of-path required time      : 1.254

Launch Clock Path
             name               model name   delay (ns)  cumulative delay (ns) pins on net    location
========================================================================================================
clk_pixel                         input        0.000             0.000               0       (0,159)  
clk_pixel                         input        0.070             0.070             434       (0,159)  
clk_pixel                         net          1.114             1.184             434       (0,159)  
   Routing elements:
      Manhattan distance of X:193, Y:129
init_done_pixel_sync[0]~FF|CLK    EFX_FF       0.000             1.184             434       (193,288)

Data Path
            name              model name   delay (ns)  cumulative delay (ns) pins on net    location
======================================================================================================
init_done_pixel_sync[0]~FF|Q    EFX_FF       0.072             0.072              2        (193,288)
init_done_pixel_sync[0]         net          0.107             0.179              2        (193,288)
   Routing elements:
      Manhattan distance of X:0, Y:1
init_done_pixel_sync[1]~FF|D    EFX_FF       0.000             0.179              2        (193,289)

Capture Clock Path
             name               model name   delay (ns)  cumulative delay (ns) pins on net    location
========================================================================================================
clk_pixel                         input        0.000             0.000               0       (0,159)  
clk_pixel                         input        0.070             0.070             434       (0,159)  
clk_pixel                         net          1.114             1.184             434       (0,159)  
   Routing elements:
      Manhattan distance of X:193, Y:130
init_done_pixel_sync[1]~FF|CLK    EFX_FF       0.000             1.184             434       (193,289)

################################################################################
Path Detail Report (clk_pixel_5x_126m vs clk_pixel_5x_126m)
################################################################################


++++ Path 1 ++++++++++++++++++++++++++++++++++++++++++++++++++++++++++++++++++++

Path Begin    : u_fast_reset/sync_pipe[1]~FF|CLK    
Path End      : fast_reset_n~FF|D                   
Launch Clock  : clk_pixel_5x_126m (RISE)            
Capture Clock : clk_pixel_5x_126m (RISE)            
Slack         : 0.115 (arrival time - required time)
Delay         : 0.113                               

Logic Level             : 0
Non-global nets on path : 1
Global nets on path     : 0

Launch Clock Path Delay        : 1.174
+ Clock To Q + Data Path Delay : 0.185
--------------------------------------
End-of-path arrival time       : 1.359

Constraint                     : 0.000
+ Capture Clock Path Delay     : 1.174
+ Clock Uncertainty            : 0.070
--------------------------------------
End-of-path required time      : 1.244

Launch Clock Path
              name                model name   delay (ns)  cumulative delay (ns) pins on net    location
==========================================================================================================
clk_pixel_5x                        input        0.000             0.000              0        (0,163)  
clk_pixel_5x                        input        0.070             0.070              8        (0,163)  
clk_pixel_5x                        net          1.104             1.174              8        (0,163)  
   Routing elements:
      Manhattan distance of X:118, Y:157
u_fast_reset/sync_pipe[1]~FF|CLK    EFX_FF       0.000             1.174              8        (118,320)

Data Path
             name               model name   delay (ns)  cumulative delay (ns) pins on net    location
========================================================================================================
u_fast_reset/sync_pipe[1]~FF|Q    EFX_FF       0.072             0.072              2        (118,320)
u_fast_reset/sync_pipe[1]         net          0.113             0.185              2        (118,320)
   Routing elements:
      Manhattan distance of X:0, Y:1
fast_reset_n~FF|D                 EFX_FF       0.000             0.185              2        (118,321)

Capture Clock Path
       name          model name   delay (ns)  cumulative delay (ns) pins on net    location
=============================================================================================
clk_pixel_5x           input        0.000             0.000              0        (0,163)  
clk_pixel_5x           input        0.070             0.070              8        (0,163)  
clk_pixel_5x           net          1.104             1.174              8        (0,163)  
   Routing elements:
      Manhattan distance of X:118, Y:158
fast_reset_n~FF|CLK    EFX_FF       0.000             1.174              8        (118,321)

++++ Path 2 ++++++++++++++++++++++++++++++++++++++++++++++++++++++++++++++++++++

Path Begin    : u_fast_reset/sync_pipe[0]~FF|CLK    
Path End      : u_fast_reset/sync_pipe[1]~FF|D      
Launch Clock  : clk_pixel_5x_126m (RISE)            
Capture Clock : clk_pixel_5x_126m (RISE)            
Slack         : 0.115 (arrival time - required time)
Delay         : 0.113                               

Logic Level             : 0
Non-global nets on path : 1
Global nets on path     : 0

Launch Clock Path Delay        : 1.174
+ Clock To Q + Data Path Delay : 0.185
--------------------------------------
End-of-path arrival time       : 1.359

Constraint                     : 0.000
+ Capture Clock Path Delay     : 1.174
+ Clock Uncertainty            : 0.070
--------------------------------------
End-of-path required time      : 1.244

Launch Clock Path
              name                model name   delay (ns)  cumulative delay (ns) pins on net    location
==========================================================================================================
clk_pixel_5x                        input        0.000             0.000              0        (0,163)  
clk_pixel_5x                        input        0.070             0.070              8        (0,163)  
clk_pixel_5x                        net          1.104             1.174              8        (0,163)  
   Routing elements:
      Manhattan distance of X:118, Y:156
u_fast_reset/sync_pipe[0]~FF|CLK    EFX_FF       0.000             1.174              8        (118,319)

Data Path
             name               model name   delay (ns)  cumulative delay (ns) pins on net    location
========================================================================================================
u_fast_reset/sync_pipe[0]~FF|Q    EFX_FF       0.072             0.072              2        (118,319)
u_fast_reset/sync_pipe[0]         net          0.113             0.185              2        (118,319)
   Routing elements:
      Manhattan distance of X:0, Y:1
u_fast_reset/sync_pipe[1]~FF|D    EFX_FF       0.000             0.185              2        (118,320)

Capture Clock Path
              name                model name   delay (ns)  cumulative delay (ns) pins on net    location
==========================================================================================================
clk_pixel_5x                        input        0.000             0.000              0        (0,163)  
clk_pixel_5x                        input        0.070             0.070              8        (0,163)  
clk_pixel_5x                        net          1.104             1.174              8        (0,163)  
   Routing elements:
      Manhattan distance of X:118, Y:157
u_fast_reset/sync_pipe[1]~FF|CLK    EFX_FF       0.000             1.174              8        (118,320)

################################################################################
Path Detail Report (cmos_pclk vs cmos_pclk)
################################################################################


++++ Path 1 ++++++++++++++++++++++++++++++++++++++++++++++++++++++++++++++++++++

Path Begin    : cmos_data[3]                             
Path End      : u_camera/u_dvp_capture/first_byte[3]~FF|D
Launch Clock  : cmos_pclk (FALL)                         
Capture Clock : cmos_pclk (RISE)                         
Slack         : 5.293 (arrival time - required time)     
Delay         : 0.574                                    

Logic Level             : 0
Non-global nets on path : 1
Global nets on path     : 0

Launch Clock Path Delay        : 0.000
+ Clock To Q + Data Path Delay : 0.574
+ Input Delay                  : 0.961
--------------------------------------
End-of-path arrival time       : 1.535

Constraint                     : -5.000
+ Capture Clock Path Delay     :  1.172
+ Clock Uncertainty            :  0.070
---------------------------------------
End-of-path required time      : -3.758

Data Path
                  name                     model name   delay (ns)  cumulative delay (ns) pins on net    location
===================================================================================================================
cmos_data[3]                                 input        0.000             0.000              0        (219,320)
cmos_data[3]                                 input        0.070             0.070              3        (219,320)
cmos_data[3]                                 net          0.504             0.574              3        (219,320)
   Routing elements:
      Manhattan distance of X:97, Y:30
u_camera/u_dvp_capture/first_byte[3]~FF|D    EFX_FF       0.000             0.574              3        (122,290)

Capture Clock Path
                   name                      model name   delay (ns)  cumulative delay (ns) pins on net    location
=====================================================================================================================
cmos_pclk                                      input        0.000             0.000                0      (111,323)
cmos_pclk                                      input        0.070             0.070             1721      (111,323)
cmos_pclk                                      net          1.102             1.172             1721      (111,323)
   Routing elements:
      Manhattan distance of X:11, Y:33
u_camera/u_dvp_capture/first_byte[3]~FF|CLK    EFX_FF       0.000             1.172             1721      (122,290)

++++ Path 2 ++++++++++++++++++++++++++++++++++++++++++++++++++++++++++++++++++++

Path Begin    : cmos_href                           
Path End      : u_camera/u_dvp_capture/href_d~FF|D  
Launch Clock  : cmos_pclk (FALL)                    
Capture Clock : cmos_pclk (RISE)                    
Slack         : 5.296 (arrival time - required time)
Delay         : 0.577                               

Logic Level             : 0
Non-global nets on path : 1
Global nets on path     : 0

Launch Clock Path Delay        : 0.000
+ Clock To Q + Data Path Delay : 0.577
+ Input Delay                  : 0.961
--------------------------------------
End-of-path arrival time       : 1.538

Constraint                     : -5.000
+ Capture Clock Path Delay     :  1.172
+ Clock Uncertainty            :  0.070
---------------------------------------
End-of-path required time      : -3.758

Data Path
               name                 model name   delay (ns)  cumulative delay (ns) pins on net    location
============================================================================================================
cmos_href                             input        0.000             0.000              0        (219,321)
cmos_href                             input        0.070             0.070              6        (219,321)
cmos_href                             net          0.507             0.577              6        (219,321)
   Routing elements:
      Manhattan distance of X:75, Y:44
u_camera/u_dvp_capture/href_d~FF|D    EFX_FF       0.000             0.577              6        (144,277)

Capture Clock Path
                name                  model name   delay (ns)  cumulative delay (ns) pins on net    location
==============================================================================================================
cmos_pclk                               input        0.000             0.000                0      (111,323)
cmos_pclk                               input        0.070             0.070             1721      (111,323)
cmos_pclk                               net          1.102             1.172             1721      (111,323)
   Routing elements:
      Manhattan distance of X:33, Y:46
u_camera/u_dvp_capture/href_d~FF|CLK    EFX_FF       0.000             1.172             1721      (144,277)

++++ Path 3 ++++++++++++++++++++++++++++++++++++++++++++++++++++++++++++++++++++

Path Begin    : cmos_data[4]                             
Path End      : u_camera/u_dvp_capture/first_byte[4]~FF|D
Launch Clock  : cmos_pclk (FALL)                         
Capture Clock : cmos_pclk (RISE)                         
Slack         : 5.308 (arrival time - required time)     
Delay         : 0.589                                    

Logic Level             : 0
Non-global nets on path : 1
Global nets on path     : 0

Launch Clock Path Delay        : 0.000
+ Clock To Q + Data Path Delay : 0.589
+ Input Delay                  : 0.961
--------------------------------------
End-of-path arrival time       : 1.550

Constraint                     : -5.000
+ Capture Clock Path Delay     :  1.172
+ Clock Uncertainty            :  0.070
---------------------------------------
End-of-path required time      : -3.758

Data Path
                  name                     model name   delay (ns)  cumulative delay (ns) pins on net    location
===================================================================================================================
cmos_data[4]                                 input        0.000             0.000              0        (0,314)  
cmos_data[4]                                 input        0.070             0.070              3        (0,314)  
cmos_data[4]                                 net          0.519             0.589              3        (0,314)  
   Routing elements:
      Manhattan distance of X:118, Y:25
u_camera/u_dvp_capture/first_byte[4]~FF|D    EFX_FF       0.000             0.589              3        (118,289)

Capture Clock Path
                   name                      model name   delay (ns)  cumulative delay (ns) pins on net    location
=====================================================================================================================
cmos_pclk                                      input        0.000             0.000                0      (111,323)
cmos_pclk                                      input        0.070             0.070             1721      (111,323)
cmos_pclk                                      net          1.102             1.172             1721      (111,323)
   Routing elements:
      Manhattan distance of X:7, Y:34
u_camera/u_dvp_capture/first_byte[4]~FF|CLK    EFX_FF       0.000             1.172             1721      (118,289)

++++ Path 4 ++++++++++++++++++++++++++++++++++++++++++++++++++++++++++++++++++++

Path Begin    : cmos_data[7]                             
Path End      : u_camera/u_dvp_capture/first_byte[7]~FF|D
Launch Clock  : cmos_pclk (FALL)                         
Capture Clock : cmos_pclk (RISE)                         
Slack         : 5.315 (arrival time - required time)     
Delay         : 0.596                                    

Logic Level             : 0
Non-global nets on path : 1
Global nets on path     : 0

Launch Clock Path Delay        : 0.000
+ Clock To Q + Data Path Delay : 0.596
+ Input Delay                  : 0.961
--------------------------------------
End-of-path arrival time       : 1.557

Constraint                     : -5.000
+ Capture Clock Path Delay     :  1.172
+ Clock Uncertainty            :  0.070
---------------------------------------
End-of-path required time      : -3.758

Data Path
                  name                     model name   delay (ns)  cumulative delay (ns) pins on net    location
===================================================================================================================
cmos_data[7]                                 input        0.000             0.000              0        (219,313)
cmos_data[7]                                 input        0.070             0.070              3        (219,313)
cmos_data[7]                                 net          0.526             0.596              3        (219,313)
   Routing elements:
      Manhattan distance of X:75, Y:33
u_camera/u_dvp_capture/first_byte[7]~FF|D    EFX_FF       0.000             0.596              3        (144,280)

Capture Clock Path
                   name                      model name   delay (ns)  cumulative delay (ns) pins on net    location
=====================================================================================================================
cmos_pclk                                      input        0.000             0.000                0      (111,323)
cmos_pclk                                      input        0.070             0.070             1721      (111,323)
cmos_pclk                                      net          1.102             1.172             1721      (111,323)
   Routing elements:
      Manhattan distance of X:33, Y:43
u_camera/u_dvp_capture/first_byte[7]~FF|CLK    EFX_FF       0.000             1.172             1721      (144,280)

++++ Path 5 ++++++++++++++++++++++++++++++++++++++++++++++++++++++++++++++++++++

Path Begin    : cmos_data[7]                        
Path End      : camera_pixel[7]~FF|D                
Launch Clock  : cmos_pclk (FALL)                    
Capture Clock : cmos_pclk (RISE)                    
Slack         : 5.330 (arrival time - required time)
Delay         : 0.611                               

Logic Level             : 0
Non-global nets on path : 1
Global nets on path     : 0

Launch Clock Path Delay        : 0.000
+ Clock To Q + Data Path Delay : 0.611
+ Input Delay                  : 0.961
--------------------------------------
End-of-path arrival time       : 1.572

Constraint                     : -5.000
+ Capture Clock Path Delay     :  1.172
+ Clock Uncertainty            :  0.070
---------------------------------------
End-of-path required time      : -3.758

Data Path
        name          model name   delay (ns)  cumulative delay (ns) pins on net    location
==============================================================================================
cmos_data[7]            input        0.000             0.000              0        (219,313)
cmos_data[7]            input        0.070             0.070              3        (219,313)
cmos_data[7]            net          0.541             0.611              3        (219,313)
   Routing elements:
      Manhattan distance of X:75, Y:34
camera_pixel[7]~FF|D    EFX_FF       0.000             0.611              3        (144,279)

Capture Clock Path
         name           model name   delay (ns)  cumulative delay (ns) pins on net    location
================================================================================================
cmos_pclk                 input        0.000             0.000                0      (111,323)
cmos_pclk                 input        0.070             0.070             1721      (111,323)
cmos_pclk                 net          1.102             1.172             1721      (111,323)
   Routing elements:
      Manhattan distance of X:33, Y:44
camera_pixel[7]~FF|CLK    EFX_FF       0.000             1.172             1721      (144,279)

++++ Path 6 ++++++++++++++++++++++++++++++++++++++++++++++++++++++++++++++++++++

Path Begin    : cmos_href                           
Path End      : u_camera/line_end~FF|D              
Launch Clock  : cmos_pclk (FALL)                    
Capture Clock : cmos_pclk (RISE)                    
Slack         : 5.331 (arrival time - required time)
Delay         : 0.612                               

Logic Level             : 1
Non-global nets on path : 2
Global nets on path     : 0

Launch Clock Path Delay        : 0.000
+ Clock To Q + Data Path Delay : 0.612
+ Input Delay                  : 0.961
--------------------------------------
End-of-path arrival time       : 1.573

Constraint                     : -5.000
+ Capture Clock Path Delay     :  1.172
+ Clock Uncertainty            :  0.070
---------------------------------------
End-of-path required time      : -3.758

Data Path
           name             model name   delay (ns)  cumulative delay (ns) pins on net    location
====================================================================================================
cmos_href                    input         0.000             0.000              0        (219,321)
cmos_href                    input         0.070             0.070              6        (219,321)
cmos_href                    net           0.507             0.577              6        (219,321)
   Routing elements:
      Manhattan distance of X:75, Y:49
LUT__21158|in[0]             EFX_LUT4      0.035             0.612              6        (144,272)
LUT__21158|out               EFX_LUT4      0.000             0.612              5        (144,272)
u_camera/u_dvp_capture/n80   net           0.000             0.612              5        (144,272)
u_camera/line_end~FF|D       EFX_FF        0.000             0.612              5        (144,272)

Capture Clock Path
          name            model name   delay (ns)  cumulative delay (ns) pins on net    location
==================================================================================================
cmos_pclk                   input        0.000             0.000                0      (111,323)
cmos_pclk                   input        0.070             0.070             1721      (111,323)
cmos_pclk                   net          1.102             1.172             1721      (111,323)
   Routing elements:
      Manhattan distance of X:33, Y:51
u_camera/line_end~FF|CLK    EFX_FF       0.000             1.172             1721      (144,272)

++++ Path 7 ++++++++++++++++++++++++++++++++++++++++++++++++++++++++++++++++++++

Path Begin    : cmos_href                           
Path End      : camera_pixel_valid~FF|D             
Launch Clock  : cmos_pclk (FALL)                    
Capture Clock : cmos_pclk (RISE)                    
Slack         : 5.347 (arrival time - required time)
Delay         : 0.628                               

Logic Level             : 1
Non-global nets on path : 2
Global nets on path     : 0

Launch Clock Path Delay        : 0.000
+ Clock To Q + Data Path Delay : 0.628
+ Input Delay                  : 0.961
--------------------------------------
End-of-path arrival time       : 1.589

Constraint                     : -5.000
+ Capture Clock Path Delay     :  1.172
+ Clock Uncertainty            :  0.070
---------------------------------------
End-of-path required time      : -3.758

Data Path
            name              model name   delay (ns)  cumulative delay (ns) pins on net    location
======================================================================================================
cmos_href                      input         0.000             0.000               0       (219,321)
cmos_href                      input         0.070             0.070               6       (219,321)
cmos_href                      net           0.523             0.593               6       (219,321)
   Routing elements:
      Manhattan distance of X:75, Y:50
LUT__21148|in[0]               EFX_LUT4      0.035             0.628               6       (144,271)
LUT__21148|out                 EFX_LUT4      0.000             0.628              50       (144,271)
~u_camera/u_dvp_capture/n495   net           0.000             0.628              50       (144,271)
camera_pixel_valid~FF|D        EFX_FF        0.000             0.628              50       (144,271)

Capture Clock Path
          name             model name   delay (ns)  cumulative delay (ns) pins on net    location
===================================================================================================
cmos_pclk                    input        0.000             0.000                0      (111,323)
cmos_pclk                    input        0.070             0.070             1721      (111,323)
cmos_pclk                    net          1.102             1.172             1721      (111,323)
   Routing elements:
      Manhattan distance of X:33, Y:52
camera_pixel_valid~FF|CLK    EFX_FF       0.000             1.172             1721      (144,271)

++++ Path 8 ++++++++++++++++++++++++++++++++++++++++++++++++++++++++++++++++++++

Path Begin    : cmos_href                             
Path End      : u_camera/u_dvp_capture/byte_phase~FF|D
Launch Clock  : cmos_pclk (FALL)                      
Capture Clock : cmos_pclk (RISE)                      
Slack         : 5.371 (arrival time - required time)  
Delay         : 0.652                                 

Logic Level             : 1
Non-global nets on path : 2
Global nets on path     : 0

Launch Clock Path Delay        : 0.000
+ Clock To Q + Data Path Delay : 0.652
+ Input Delay                  : 0.961
--------------------------------------
End-of-path arrival time       : 1.613

Constraint                     : -5.000
+ Capture Clock Path Delay     :  1.172
+ Clock Uncertainty            :  0.070
---------------------------------------
End-of-path required time      : -3.758

Data Path
                 name                   model name   delay (ns)  cumulative delay (ns) pins on net    location
================================================================================================================
cmos_href                                input         0.000             0.000               0       (219,321)
cmos_href                                input         0.070             0.070               6       (219,321)
cmos_href                                net           0.547             0.617               6       (219,321)
   Routing elements:
      Manhattan distance of X:75, Y:48
LUT__21149|in[1]                         EFX_LUT4      0.035             0.652               6       (144,273)
LUT__21149|out                           EFX_LUT4      0.000             0.652              10       (144,273)
u_camera/u_dvp_capture/n485              net           0.000             0.652              10       (144,273)
u_camera/u_dvp_capture/byte_phase~FF|D   EFX_FF        0.000             0.652              10       (144,273)

Capture Clock Path
                  name                    model name   delay (ns)  cumulative delay (ns) pins on net    location
==================================================================================================================
cmos_pclk                                   input        0.000             0.000                0      (111,323)
cmos_pclk                                   input        0.070             0.070             1721      (111,323)
cmos_pclk                                   net          1.102             1.172             1721      (111,323)
   Routing elements:
      Manhattan distance of X:33, Y:50
u_camera/u_dvp_capture/byte_phase~FF|CLK    EFX_FF       0.000             1.172             1721      (144,273)

++++ Path 9 ++++++++++++++++++++++++++++++++++++++++++++++++++++++++++++++++++++

Path Begin    : cmos_vsync                            
Path End      : u_camera/u_dvp_capture/sync_armed~FF|D
Launch Clock  : cmos_pclk (FALL)                      
Capture Clock : cmos_pclk (RISE)                      
Slack         : 5.386 (arrival time - required time)  
Delay         : 0.667                                 

Logic Level             : 1
Non-global nets on path : 2
Global nets on path     : 0

Launch Clock Path Delay        : 0.000
+ Clock To Q + Data Path Delay : 0.667
+ Input Delay                  : 0.961
--------------------------------------
End-of-path arrival time       : 1.628

Constraint                     : -5.000
+ Capture Clock Path Delay     :  1.172
+ Clock Uncertainty            :  0.070
---------------------------------------
End-of-path required time      : -3.758

Data Path
                 name                   model name   delay (ns)  cumulative delay (ns) pins on net    location
================================================================================================================
cmos_vsync                               input         0.000             0.000              0        (0,321)  
cmos_vsync                               input         0.070             0.070              7        (0,321)  
cmos_vsync                               net           0.562             0.632              7        (0,321)  
   Routing elements:
      Manhattan distance of X:141, Y:46
LUT__21155|in[1]                         EFX_LUT4      0.035             0.667              7        (141,275)
LUT__21155|out                           EFX_LUT4      0.000             0.667              3        (141,275)
u_camera/u_dvp_capture/n52               net           0.000             0.667              3        (141,275)
u_camera/u_dvp_capture/sync_armed~FF|D   EFX_FF        0.000             0.667              3        (141,275)

Capture Clock Path
                  name                    model name   delay (ns)  cumulative delay (ns) pins on net    location
==================================================================================================================
cmos_pclk                                   input        0.000             0.000                0      (111,323)
cmos_pclk                                   input        0.070             0.070             1721      (111,323)
cmos_pclk                                   net          1.102             1.172             1721      (111,323)
   Routing elements:
      Manhattan distance of X:30, Y:48
u_camera/u_dvp_capture/sync_armed~FF|CLK    EFX_FF       0.000             1.172             1721      (141,275)

++++ Path 10 +++++++++++++++++++++++++++++++++++++++++++++++++++++++++++++++++++

Path Begin    : cmos_data[6]                        
Path End      : camera_pixel[6]~FF|D                
Launch Clock  : cmos_pclk (FALL)                    
Capture Clock : cmos_pclk (RISE)                    
Slack         : 5.412 (arrival time - required time)
Delay         : 0.693                               

Logic Level             : 0
Non-global nets on path : 1
Global nets on path     : 0

Launch Clock Path Delay        : 0.000
+ Clock To Q + Data Path Delay : 0.693
+ Input Delay                  : 0.961
--------------------------------------
End-of-path arrival time       : 1.654

Constraint                     : -5.000
+ Capture Clock Path Delay     :  1.172
+ Clock Uncertainty            :  0.070
---------------------------------------
End-of-path required time      : -3.758

Data Path
        name          model name   delay (ns)  cumulative delay (ns) pins on net    location
==============================================================================================
cmos_data[6]            input        0.000             0.000              0        (0,317)  
cmos_data[6]            input        0.070             0.070              3        (0,317)  
cmos_data[6]            net          0.623             0.693              3        (0,317)  
   Routing elements:
      Manhattan distance of X:118, Y:47
camera_pixel[6]~FF|D    EFX_FF       0.000             0.693              3        (118,270)

Capture Clock Path
         name           model name   delay (ns)  cumulative delay (ns) pins on net    location
================================================================================================
cmos_pclk                 input        0.000             0.000                0      (111,323)
cmos_pclk                 input        0.070             0.070             1721      (111,323)
cmos_pclk                 net          1.102             1.172             1721      (111,323)
   Routing elements:
      Manhattan distance of X:7, Y:53
camera_pixel[6]~FF|CLK    EFX_FF       0.000             1.172             1721      (118,270)

---------- Path Details for Min Critical Paths (end) ---------------

